-- phpMyAdmin SQL Dump
-- version 5.2.2-1.fc40
-- https://www.phpmyadmin.net/
--
-- Host: localhost
-- Creato il: Set 24, 2025 alle 09:52
-- Versione del server: 10.11.11-MariaDB
-- Versione PHP: 8.3.20

SET SQL_MODE = "NO_AUTO_VALUE_ON_ZERO";
START TRANSACTION;
SET time_zone = "+00:00";


/*!40101 SET @OLD_CHARACTER_SET_CLIENT=@@CHARACTER_SET_CLIENT */;
/*!40101 SET @OLD_CHARACTER_SET_RESULTS=@@CHARACTER_SET_RESULTS */;
/*!40101 SET @OLD_COLLATION_CONNECTION=@@COLLATION_CONNECTION */;
/*!40101 SET NAMES utf8mb4 */;

--
-- Database: `my_ombrelloni`
--

-- --------------------------------------------------------

--
-- Struttura della tabella `cliente`
--

CREATE TABLE `cliente` (
  `codice` varchar(20) NOT NULL,
  `nome` varchar(50) NOT NULL,
  `cognome` varchar(50) NOT NULL,
  `dataNascita` date DEFAULT NULL,
  `indirizzo` varchar(255) DEFAULT NULL
) ENGINE=InnoDB DEFAULT CHARSET=utf8mb4 COLLATE=utf8mb4_unicode_ci;

--
-- Dump dei dati per la tabella `cliente`
--

INSERT INTO `cliente` (`codice`, `nome`, `cognome`, `dataNascita`, `indirizzo`) VALUES
('CLDD1758541540', 'Davide', 'delli', '1111-11-11', 'ludrini'),
('CLIENTE0001', 'Mario', 'Rossi', '1988-05-20', 'Via Roma 1'),
('CLIENTE0002', 'Laura', 'Bianchi', '1995-11-02', 'Via Milano 2'),
('CLIENTE0003', 'Paolo', 'Verdi', '1976-01-15', 'Corso Garibaldi 3'),
('CLIENTE0004', 'Anna', 'Neri', '2001-07-30', 'Piazza Duomo 4'),
('CLIENTE0005', 'Luca', 'Gialli', '1982-09-12', 'Via Mazzini 5'),
('CLIENTE0006', 'Giulia', 'Ferrari', '1990-03-25', 'Viale Europa 6'),
('CLIENTE0007', 'Marco', 'Ricci', '1985-08-10', 'Via Dante 7'),
('CLIENTE0008', 'Sara', 'Conti', '1998-12-01', 'Largo Colombo 8'),
('CLIENTE0009', 'Simone', 'Gallo', '1970-06-18', 'Via Petrarca 9'),
('CLIENTE0010', 'Elena', 'Lombardi', '2000-02-29', 'Via Leopardi 10'),
('CLIENTE0011', 'Davide', 'Moretti', '1989-04-14', 'Piazza Volta 11'),
('CLIENTE0012', 'Chiara', 'Rizzo', '1993-10-05', 'Via Manzoni 12'),
('CLIENTE0013', 'Matteo', 'Greco', '1981-07-22', 'Corso Vittorio Emanuele 13'),
('CLIENTE0014', 'Francesca', 'Marino', '1996-09-03', 'Via Cavour 14'),
('CLIENTE0015', 'Andrea', 'Santoro', '1978-11-11', 'Viale della Repubblica 15'),
('CLIENTE0016', 'Valentina', 'Barbieri', '1991-01-08', 'Via dei Mille 16'),
('CLIENTE0017', 'Giovanni', 'Fontana', '1986-05-30', 'Piazza San Marco 17'),
('CLIENTE0018', 'Marta', 'Russo', '1999-08-19', 'Via Po 18'),
('CLIENTE0019', 'Riccardo', 'Esposito', '1973-03-12', 'Lungo Tevere 19'),
('CLIENTE0020', 'Sofia', 'Romano', '2002-04-07', 'Via Appia 20');

-- --------------------------------------------------------

--
-- Struttura della tabella `contratto`
--

CREATE TABLE `contratto` (
  `numProgr` int(11) NOT NULL,
  `data` date NOT NULL,
  `dataFine` date DEFAULT NULL,
  `importo` decimal(10,2) NOT NULL,
  `codiceCliente` varchar(20) NOT NULL
) ENGINE=InnoDB DEFAULT CHARSET=utf8mb4 COLLATE=utf8mb4_unicode_ci;

--
-- Dump dei dati per la tabella `contratto`
--

INSERT INTO `contratto` (`numProgr`, `data`, `dataFine`, `importo`, `codiceCliente`) VALUES
(1, '2024-05-10', NULL, 180.00, 'CLIENTE0001'),
(2, '2024-05-20', NULL, 30.00, 'CLIENTE0002'),
(3, '2024-06-01', NULL, 180.00, 'CLIENTE0003'),
(4, '2024-06-15', NULL, 30.00, 'CLIENTE0004'),
(5, '2024-07-01', NULL, 300.00, 'CLIENTE0005'),
(6, '2024-07-10', NULL, 50.00, 'CLIENTE0006'),
(7, '2024-07-20', NULL, 180.00, 'CLIENTE0007'),
(8, '2024-08-01', NULL, 300.00, 'CLIENTE0008'),
(9, '2024-08-10', NULL, 50.00, 'CLIENTE0009'),
(10, '2024-09-05', NULL, 180.00, 'CLIENTE0010'),
(11, '2025-05-12', NULL, 30.00, 'CLIENTE0011'),
(12, '2025-05-22', NULL, 180.00, 'CLIENTE0012'),
(13, '2025-06-05', NULL, 50.00, 'CLIENTE0013'),
(14, '2025-06-20', NULL, 180.00, 'CLIENTE0014'),
(15, '2025-07-02', NULL, 50.00, 'CLIENTE0015'),
(16, '2025-07-08', NULL, 300.00, 'CLIENTE0016'),
(17, '2025-07-15', NULL, 180.00, 'CLIENTE0017'),
(18, '2025-08-03', NULL, 50.00, 'CLIENTE0018'),
(19, '2025-08-05', NULL, 300.00, 'CLIENTE0019'),
(20, '2025-09-01', NULL, 180.00, 'CLIENTE0020'),
(21, '2025-06-11', NULL, 300.00, 'CLIENTE0001'),
(22, '2025-07-25', NULL, 180.00, 'CLIENTE0002'),
(23, '2025-08-15', NULL, 30.00, 'CLIENTE0003'),
(24, '2025-08-20', NULL, 50.00, 'CLIENTE0004'),
(25, '2025-07-18', NULL, 180.00, 'CLIENTE0005'),
(26, '2024-05-11', NULL, 180.00, 'CLIENTE0006'),
(27, '2024-05-21', NULL, 30.00, 'CLIENTE0007'),
(28, '2024-06-02', NULL, 180.00, 'CLIENTE0008'),
(29, '2024-06-16', NULL, 30.00, 'CLIENTE0009'),
(30, '2024-07-03', NULL, 300.00, 'CLIENTE0010'),
(31, '2025-09-22', NULL, 50.00, 'CLIENTE0001'),
(32, '2025-09-22', NULL, 30.00, 'CLIENTE0001'),
(33, '2025-09-22', NULL, 60.00, 'CLDD1758541540'),
(34, '2025-09-22', NULL, 60.00, 'CLDD1758541540');

-- --------------------------------------------------------

--
-- Struttura della tabella `giornodisponibilita`
--

CREATE TABLE `giornodisponibilita` (
  `idOmbrellone` int(11) NOT NULL,
  `data` date NOT NULL,
  `numProgrContratto` int(11) DEFAULT NULL
) ENGINE=InnoDB DEFAULT CHARSET=utf8mb4 COLLATE=utf8mb4_unicode_ci;

--
-- Dump dei dati per la tabella `giornodisponibilita`
--

INSERT INTO `giornodisponibilita` (`idOmbrellone`, `data`, `numProgrContratto`) VALUES
(1, '2026-06-01', NULL),
(1, '2026-06-02', NULL),
(1, '2026-06-03', NULL),
(1, '2026-06-04', NULL),
(1, '2026-06-05', NULL),
(1, '2026-06-06', NULL),
(1, '2026-06-07', NULL),
(1, '2026-06-08', NULL),
(1, '2026-06-09', NULL),
(1, '2026-06-10', NULL),
(1, '2026-06-11', NULL),
(1, '2026-06-12', NULL),
(1, '2026-06-13', NULL),
(1, '2026-06-14', NULL),
(1, '2026-06-15', NULL),
(1, '2026-06-16', NULL),
(1, '2026-06-17', NULL),
(1, '2026-06-18', NULL),
(1, '2026-06-19', NULL),
(1, '2026-06-20', NULL),
(1, '2026-06-21', NULL),
(1, '2026-06-22', NULL),
(1, '2026-06-23', NULL),
(1, '2026-06-24', NULL),
(1, '2026-06-25', NULL),
(1, '2026-06-26', NULL),
(1, '2026-06-27', NULL),
(1, '2026-06-28', NULL),
(1, '2026-06-29', NULL),
(1, '2026-06-30', NULL),
(1, '2026-07-01', NULL),
(1, '2026-07-02', NULL),
(1, '2026-07-03', NULL),
(1, '2026-07-04', NULL),
(1, '2026-07-05', NULL),
(1, '2026-07-06', NULL),
(1, '2026-07-07', NULL),
(1, '2026-07-08', NULL),
(1, '2026-07-09', NULL),
(1, '2026-07-10', NULL),
(1, '2026-07-11', NULL),
(1, '2026-07-12', NULL),
(1, '2026-07-13', NULL),
(1, '2026-07-14', NULL),
(1, '2026-07-15', NULL),
(1, '2026-07-16', NULL),
(1, '2026-07-17', NULL),
(1, '2026-07-18', NULL),
(1, '2026-07-19', NULL),
(1, '2026-07-20', NULL),
(1, '2026-07-21', NULL),
(1, '2026-07-22', NULL),
(1, '2026-07-23', NULL),
(1, '2026-07-24', NULL),
(1, '2026-07-25', NULL),
(1, '2026-07-26', NULL),
(1, '2026-07-27', NULL),
(1, '2026-07-28', NULL),
(1, '2026-07-29', NULL),
(1, '2026-07-30', NULL),
(1, '2026-07-31', NULL),
(1, '2026-08-01', NULL),
(1, '2026-08-02', NULL),
(1, '2026-08-03', NULL),
(1, '2026-08-04', NULL),
(1, '2026-08-05', NULL),
(1, '2026-08-06', NULL),
(1, '2026-08-07', NULL),
(1, '2026-08-08', NULL),
(1, '2026-08-09', NULL),
(1, '2026-08-10', NULL),
(1, '2026-08-11', NULL),
(1, '2026-08-12', NULL),
(1, '2026-08-13', NULL),
(1, '2026-08-14', NULL),
(1, '2026-08-15', NULL),
(1, '2026-08-16', NULL),
(1, '2026-08-17', NULL),
(1, '2026-08-18', NULL),
(1, '2026-08-19', NULL),
(1, '2026-08-20', NULL),
(1, '2026-08-21', NULL),
(1, '2026-08-22', NULL),
(1, '2026-08-23', NULL),
(1, '2026-08-24', NULL),
(1, '2026-08-25', NULL),
(1, '2026-08-26', NULL),
(1, '2026-08-27', NULL),
(1, '2026-08-28', NULL),
(1, '2026-08-29', NULL),
(1, '2026-08-30', NULL),
(1, '2026-08-31', NULL),
(1, '2026-09-01', NULL),
(1, '2026-09-02', NULL),
(1, '2026-09-03', NULL),
(1, '2026-09-04', NULL),
(1, '2026-09-05', NULL),
(1, '2026-09-06', NULL),
(1, '2026-09-07', NULL),
(1, '2026-09-08', NULL),
(1, '2026-09-09', NULL),
(1, '2026-09-10', NULL),
(1, '2026-09-12', NULL),
(1, '2026-09-13', NULL),
(1, '2026-09-14', NULL),
(1, '2026-09-15', NULL),
(2, '2026-06-01', NULL),
(2, '2026-06-02', NULL),
(2, '2026-06-03', NULL),
(2, '2026-06-04', NULL),
(2, '2026-06-05', NULL),
(2, '2026-06-06', NULL),
(2, '2026-06-07', NULL),
(2, '2026-06-08', NULL),
(2, '2026-06-09', NULL),
(2, '2026-06-10', NULL),
(2, '2026-06-11', NULL),
(2, '2026-06-12', NULL),
(2, '2026-06-13', NULL),
(2, '2026-06-14', NULL),
(2, '2026-06-15', NULL),
(2, '2026-06-16', NULL),
(2, '2026-06-17', NULL),
(2, '2026-06-18', NULL),
(2, '2026-06-19', NULL),
(2, '2026-06-20', NULL),
(2, '2026-06-21', NULL),
(2, '2026-06-22', NULL),
(2, '2026-06-23', NULL),
(2, '2026-06-24', NULL),
(2, '2026-06-25', NULL),
(2, '2026-06-26', NULL),
(2, '2026-06-27', NULL),
(2, '2026-06-28', NULL),
(2, '2026-06-29', NULL),
(2, '2026-06-30', NULL),
(2, '2026-07-01', NULL),
(2, '2026-07-02', NULL),
(2, '2026-07-03', NULL),
(2, '2026-07-04', NULL),
(2, '2026-07-05', NULL),
(2, '2026-07-06', NULL),
(2, '2026-07-07', NULL),
(2, '2026-07-08', NULL),
(2, '2026-07-09', NULL),
(2, '2026-07-10', NULL),
(2, '2026-07-11', NULL),
(2, '2026-07-12', NULL),
(2, '2026-07-13', NULL),
(2, '2026-07-14', NULL),
(2, '2026-07-15', NULL),
(2, '2026-07-16', NULL),
(2, '2026-07-17', NULL),
(2, '2026-07-18', NULL),
(2, '2026-07-19', NULL),
(2, '2026-07-20', NULL),
(2, '2026-07-21', NULL),
(2, '2026-07-22', NULL),
(2, '2026-07-23', NULL),
(2, '2026-07-24', NULL),
(2, '2026-07-25', NULL),
(2, '2026-07-26', NULL),
(2, '2026-07-27', NULL),
(2, '2026-07-28', NULL),
(2, '2026-07-29', NULL),
(2, '2026-07-30', NULL),
(2, '2026-07-31', NULL),
(2, '2026-08-01', NULL),
(2, '2026-08-02', NULL),
(2, '2026-08-03', NULL),
(2, '2026-08-04', NULL),
(2, '2026-08-05', NULL),
(2, '2026-08-06', NULL),
(2, '2026-08-07', NULL),
(2, '2026-08-08', NULL),
(2, '2026-08-09', NULL),
(2, '2026-08-10', NULL),
(2, '2026-08-11', NULL),
(2, '2026-08-12', NULL),
(2, '2026-08-13', NULL),
(2, '2026-08-14', NULL),
(2, '2026-08-15', NULL),
(2, '2026-08-16', NULL),
(2, '2026-08-17', NULL),
(2, '2026-08-18', NULL),
(2, '2026-08-19', NULL),
(2, '2026-08-20', NULL),
(2, '2026-08-21', NULL),
(2, '2026-08-22', NULL),
(2, '2026-08-23', NULL),
(2, '2026-08-24', NULL),
(2, '2026-08-25', NULL),
(2, '2026-08-26', NULL),
(2, '2026-08-27', NULL),
(2, '2026-08-28', NULL),
(2, '2026-08-29', NULL),
(2, '2026-08-30', NULL),
(2, '2026-08-31', NULL),
(2, '2026-09-01', NULL),
(2, '2026-09-02', NULL),
(2, '2026-09-03', NULL),
(2, '2026-09-04', NULL),
(2, '2026-09-05', NULL),
(2, '2026-09-06', NULL),
(2, '2026-09-07', NULL),
(2, '2026-09-08', NULL),
(2, '2026-09-09', NULL),
(2, '2026-09-10', NULL),
(2, '2026-09-11', NULL),
(2, '2026-09-12', NULL),
(2, '2026-09-13', NULL),
(2, '2026-09-14', NULL),
(2, '2026-09-15', NULL),
(3, '2026-06-01', NULL),
(3, '2026-06-02', NULL),
(3, '2026-06-03', NULL),
(3, '2026-06-04', NULL),
(3, '2026-06-05', NULL),
(3, '2026-06-06', NULL),
(3, '2026-06-07', NULL),
(3, '2026-06-08', NULL),
(3, '2026-06-09', NULL),
(3, '2026-06-10', NULL),
(3, '2026-06-11', NULL),
(3, '2026-06-12', NULL),
(3, '2026-06-13', NULL),
(3, '2026-06-14', NULL),
(3, '2026-06-15', NULL),
(3, '2026-06-16', NULL),
(3, '2026-06-17', NULL),
(3, '2026-06-18', NULL),
(3, '2026-06-19', NULL),
(3, '2026-06-20', NULL),
(3, '2026-06-21', NULL),
(3, '2026-06-22', NULL),
(3, '2026-06-23', NULL),
(3, '2026-06-24', NULL),
(3, '2026-06-25', NULL),
(3, '2026-06-26', NULL),
(3, '2026-06-27', NULL),
(3, '2026-06-28', NULL),
(3, '2026-06-29', NULL),
(3, '2026-06-30', NULL),
(3, '2026-07-01', NULL),
(3, '2026-07-02', NULL),
(3, '2026-07-03', NULL),
(3, '2026-07-04', NULL),
(3, '2026-07-05', NULL),
(3, '2026-07-06', NULL),
(3, '2026-07-07', NULL),
(3, '2026-07-08', NULL),
(3, '2026-07-09', NULL),
(3, '2026-07-10', NULL),
(3, '2026-07-11', NULL),
(3, '2026-07-12', NULL),
(3, '2026-07-13', NULL),
(3, '2026-07-14', NULL),
(3, '2026-07-15', NULL),
(3, '2026-07-16', NULL),
(3, '2026-07-17', NULL),
(3, '2026-07-18', NULL),
(3, '2026-07-19', NULL),
(3, '2026-07-20', NULL),
(3, '2026-07-21', NULL),
(3, '2026-07-22', NULL),
(3, '2026-07-23', NULL),
(3, '2026-07-24', NULL),
(3, '2026-07-25', NULL),
(3, '2026-07-26', NULL),
(3, '2026-07-27', NULL),
(3, '2026-07-28', NULL),
(3, '2026-07-29', NULL),
(3, '2026-07-30', NULL),
(3, '2026-07-31', NULL),
(3, '2026-08-01', NULL),
(3, '2026-08-02', NULL),
(3, '2026-08-03', NULL),
(3, '2026-08-04', NULL),
(3, '2026-08-05', NULL),
(3, '2026-08-06', NULL),
(3, '2026-08-07', NULL),
(3, '2026-08-08', NULL),
(3, '2026-08-09', NULL),
(3, '2026-08-10', NULL),
(3, '2026-08-11', NULL),
(3, '2026-08-12', NULL),
(3, '2026-08-13', NULL),
(3, '2026-08-14', NULL),
(3, '2026-08-15', NULL),
(3, '2026-08-16', NULL),
(3, '2026-08-17', NULL),
(3, '2026-08-18', NULL),
(3, '2026-08-19', NULL),
(3, '2026-08-20', NULL),
(3, '2026-08-21', NULL),
(3, '2026-08-22', NULL),
(3, '2026-08-23', NULL),
(3, '2026-08-24', NULL),
(3, '2026-08-25', NULL),
(3, '2026-08-26', NULL),
(3, '2026-08-27', NULL),
(3, '2026-08-28', NULL),
(3, '2026-08-29', NULL),
(3, '2026-08-30', NULL),
(3, '2026-08-31', NULL),
(3, '2026-09-01', NULL),
(3, '2026-09-02', NULL),
(3, '2026-09-03', NULL),
(3, '2026-09-04', NULL),
(3, '2026-09-05', NULL),
(3, '2026-09-06', NULL),
(3, '2026-09-07', NULL),
(3, '2026-09-08', NULL),
(3, '2026-09-09', NULL),
(3, '2026-09-10', NULL),
(3, '2026-09-11', NULL),
(3, '2026-09-12', NULL),
(3, '2026-09-13', NULL),
(3, '2026-09-14', NULL),
(3, '2026-09-15', NULL),
(4, '2026-06-01', NULL),
(4, '2026-06-02', NULL),
(4, '2026-06-03', NULL),
(4, '2026-06-04', NULL),
(4, '2026-06-05', NULL),
(4, '2026-06-06', NULL),
(4, '2026-06-07', NULL),
(4, '2026-06-08', NULL),
(4, '2026-06-09', NULL),
(4, '2026-06-10', NULL),
(4, '2026-06-11', NULL),
(4, '2026-06-12', NULL),
(4, '2026-06-13', NULL),
(4, '2026-06-14', NULL),
(4, '2026-06-15', NULL),
(4, '2026-06-16', NULL),
(4, '2026-06-17', NULL),
(4, '2026-06-18', NULL),
(4, '2026-06-19', NULL),
(4, '2026-06-20', NULL),
(4, '2026-06-21', NULL),
(4, '2026-06-22', NULL),
(4, '2026-06-23', NULL),
(4, '2026-06-24', NULL),
(4, '2026-06-25', NULL),
(4, '2026-06-26', NULL),
(4, '2026-06-27', NULL),
(4, '2026-06-28', NULL),
(4, '2026-06-29', NULL),
(4, '2026-06-30', NULL),
(4, '2026-07-01', NULL),
(4, '2026-07-02', NULL),
(4, '2026-07-03', NULL),
(4, '2026-07-04', NULL),
(4, '2026-07-05', NULL),
(4, '2026-07-06', NULL),
(4, '2026-07-07', NULL),
(4, '2026-07-08', NULL),
(4, '2026-07-09', NULL),
(4, '2026-07-10', NULL),
(4, '2026-07-11', NULL),
(4, '2026-07-12', NULL),
(4, '2026-07-13', NULL),
(4, '2026-07-14', NULL),
(4, '2026-07-15', NULL),
(4, '2026-07-16', NULL),
(4, '2026-07-17', NULL),
(4, '2026-07-18', NULL),
(4, '2026-07-19', NULL),
(4, '2026-07-20', NULL),
(4, '2026-07-21', NULL),
(4, '2026-07-22', NULL),
(4, '2026-07-23', NULL),
(4, '2026-07-24', NULL),
(4, '2026-07-25', NULL),
(4, '2026-07-26', NULL),
(4, '2026-07-27', NULL),
(4, '2026-07-28', NULL),
(4, '2026-07-29', NULL),
(4, '2026-07-30', NULL),
(4, '2026-07-31', NULL),
(4, '2026-08-01', NULL),
(4, '2026-08-02', NULL),
(4, '2026-08-03', NULL),
(4, '2026-08-04', NULL),
(4, '2026-08-05', NULL),
(4, '2026-08-06', NULL),
(4, '2026-08-07', NULL),
(4, '2026-08-08', NULL),
(4, '2026-08-09', NULL),
(4, '2026-08-10', NULL),
(4, '2026-08-11', NULL),
(4, '2026-08-12', NULL),
(4, '2026-08-13', NULL),
(4, '2026-08-14', NULL),
(4, '2026-08-15', NULL),
(4, '2026-08-16', NULL),
(4, '2026-08-17', NULL),
(4, '2026-08-18', NULL),
(4, '2026-08-19', NULL),
(4, '2026-08-20', NULL),
(4, '2026-08-21', NULL),
(4, '2026-08-22', NULL),
(4, '2026-08-23', NULL),
(4, '2026-08-24', NULL),
(4, '2026-08-25', NULL),
(4, '2026-08-26', NULL),
(4, '2026-08-27', NULL),
(4, '2026-08-28', NULL),
(4, '2026-08-29', NULL),
(4, '2026-08-30', NULL),
(4, '2026-08-31', NULL),
(4, '2026-09-01', NULL),
(4, '2026-09-02', NULL),
(4, '2026-09-03', NULL),
(4, '2026-09-04', NULL),
(4, '2026-09-05', NULL),
(4, '2026-09-06', NULL),
(4, '2026-09-07', NULL),
(4, '2026-09-08', NULL),
(4, '2026-09-09', NULL),
(4, '2026-09-10', NULL),
(4, '2026-09-11', NULL),
(4, '2026-09-12', NULL),
(4, '2026-09-13', NULL),
(4, '2026-09-14', NULL),
(4, '2026-09-15', NULL),
(5, '2026-06-01', NULL),
(5, '2026-06-02', NULL),
(5, '2026-06-03', NULL),
(5, '2026-06-04', NULL),
(5, '2026-06-05', NULL),
(5, '2026-06-06', NULL),
(5, '2026-06-07', NULL),
(5, '2026-06-08', NULL),
(5, '2026-06-09', NULL),
(5, '2026-06-10', NULL),
(5, '2026-06-11', NULL),
(5, '2026-06-12', NULL),
(5, '2026-06-13', NULL),
(5, '2026-06-14', NULL),
(5, '2026-06-15', NULL),
(5, '2026-06-16', NULL),
(5, '2026-06-17', NULL),
(5, '2026-06-18', NULL),
(5, '2026-06-19', NULL),
(5, '2026-06-20', NULL),
(5, '2026-06-21', NULL),
(5, '2026-06-22', NULL),
(5, '2026-06-23', NULL),
(5, '2026-06-24', NULL),
(5, '2026-06-25', NULL),
(5, '2026-06-26', NULL),
(5, '2026-06-27', NULL),
(5, '2026-06-28', NULL),
(5, '2026-06-29', NULL),
(5, '2026-06-30', NULL),
(5, '2026-07-01', NULL),
(5, '2026-07-02', NULL),
(5, '2026-07-03', NULL),
(5, '2026-07-04', NULL),
(5, '2026-07-05', NULL),
(5, '2026-07-06', NULL),
(5, '2026-07-07', NULL),
(5, '2026-07-08', NULL),
(5, '2026-07-09', NULL),
(5, '2026-07-10', NULL),
(5, '2026-07-11', NULL),
(5, '2026-07-12', NULL),
(5, '2026-07-13', NULL),
(5, '2026-07-14', NULL),
(5, '2026-07-15', NULL),
(5, '2026-07-16', NULL),
(5, '2026-07-17', NULL),
(5, '2026-07-18', NULL),
(5, '2026-07-19', NULL),
(5, '2026-07-20', NULL),
(5, '2026-07-21', NULL),
(5, '2026-07-22', NULL),
(5, '2026-07-23', NULL),
(5, '2026-07-24', NULL),
(5, '2026-07-25', NULL),
(5, '2026-07-26', NULL),
(5, '2026-07-27', NULL),
(5, '2026-07-28', NULL),
(5, '2026-07-29', NULL),
(5, '2026-07-30', NULL),
(5, '2026-07-31', NULL),
(5, '2026-08-01', NULL),
(5, '2026-08-02', NULL),
(5, '2026-08-03', NULL),
(5, '2026-08-04', NULL),
(5, '2026-08-05', NULL),
(5, '2026-08-06', NULL),
(5, '2026-08-07', NULL),
(5, '2026-08-08', NULL),
(5, '2026-08-09', NULL),
(5, '2026-08-10', NULL),
(5, '2026-08-11', NULL),
(5, '2026-08-12', NULL),
(5, '2026-08-13', NULL),
(5, '2026-08-14', NULL),
(5, '2026-08-15', NULL),
(5, '2026-08-16', NULL),
(5, '2026-08-17', NULL),
(5, '2026-08-18', NULL),
(5, '2026-08-19', NULL),
(5, '2026-08-20', NULL),
(5, '2026-08-21', NULL),
(5, '2026-08-22', NULL),
(5, '2026-08-23', NULL),
(5, '2026-08-24', NULL),
(5, '2026-08-25', NULL),
(5, '2026-08-26', NULL),
(5, '2026-08-27', NULL),
(5, '2026-08-28', NULL),
(5, '2026-08-29', NULL),
(5, '2026-08-30', NULL),
(5, '2026-08-31', NULL),
(5, '2026-09-01', NULL),
(5, '2026-09-02', NULL),
(5, '2026-09-03', NULL),
(5, '2026-09-04', NULL),
(5, '2026-09-05', NULL),
(5, '2026-09-06', NULL),
(5, '2026-09-07', NULL),
(5, '2026-09-08', NULL),
(5, '2026-09-09', NULL),
(5, '2026-09-10', NULL),
(5, '2026-09-11', NULL),
(5, '2026-09-12', NULL),
(5, '2026-09-13', NULL),
(5, '2026-09-14', NULL),
(5, '2026-09-15', NULL),
(6, '2026-06-01', NULL),
(6, '2026-06-02', NULL),
(6, '2026-06-03', NULL),
(6, '2026-06-04', NULL),
(6, '2026-06-05', NULL),
(6, '2026-06-06', NULL),
(6, '2026-06-07', NULL),
(6, '2026-06-08', NULL),
(6, '2026-06-09', NULL),
(6, '2026-06-10', NULL),
(6, '2026-06-11', NULL),
(6, '2026-06-12', NULL),
(6, '2026-06-13', NULL),
(6, '2026-06-14', NULL),
(6, '2026-06-15', NULL),
(6, '2026-06-16', NULL),
(6, '2026-06-17', NULL),
(6, '2026-06-18', NULL),
(6, '2026-06-19', NULL),
(6, '2026-06-20', NULL),
(6, '2026-06-21', NULL),
(6, '2026-06-22', NULL),
(6, '2026-06-23', NULL),
(6, '2026-06-24', NULL),
(6, '2026-06-25', NULL),
(6, '2026-06-26', NULL),
(6, '2026-06-27', NULL),
(6, '2026-06-28', NULL),
(6, '2026-06-29', NULL),
(6, '2026-06-30', NULL),
(6, '2026-07-01', NULL),
(6, '2026-07-02', NULL),
(6, '2026-07-03', NULL),
(6, '2026-07-04', NULL),
(6, '2026-07-05', NULL),
(6, '2026-07-06', NULL),
(6, '2026-07-07', NULL),
(6, '2026-07-08', NULL),
(6, '2026-07-09', NULL),
(6, '2026-07-10', NULL),
(6, '2026-07-11', NULL),
(6, '2026-07-12', NULL),
(6, '2026-07-13', NULL),
(6, '2026-07-14', NULL),
(6, '2026-07-15', NULL),
(6, '2026-07-16', NULL),
(6, '2026-07-17', NULL),
(6, '2026-07-18', NULL),
(6, '2026-07-19', NULL),
(6, '2026-07-20', NULL),
(6, '2026-07-21', NULL),
(6, '2026-07-22', NULL),
(6, '2026-07-23', NULL),
(6, '2026-07-24', NULL),
(6, '2026-07-25', NULL),
(6, '2026-07-26', NULL),
(6, '2026-07-27', NULL),
(6, '2026-07-28', NULL),
(6, '2026-07-29', NULL),
(6, '2026-07-30', NULL),
(6, '2026-07-31', NULL),
(6, '2026-08-01', NULL),
(6, '2026-08-02', NULL),
(6, '2026-08-03', NULL),
(6, '2026-08-04', NULL),
(6, '2026-08-05', NULL),
(6, '2026-08-06', NULL),
(6, '2026-08-07', NULL),
(6, '2026-08-08', NULL),
(6, '2026-08-09', NULL),
(6, '2026-08-10', NULL),
(6, '2026-08-11', NULL),
(6, '2026-08-12', NULL),
(6, '2026-08-13', NULL),
(6, '2026-08-14', NULL),
(6, '2026-08-15', NULL),
(6, '2026-08-16', NULL),
(6, '2026-08-17', NULL),
(6, '2026-08-18', NULL),
(6, '2026-08-19', NULL),
(6, '2026-08-20', NULL),
(6, '2026-08-21', NULL),
(6, '2026-08-22', NULL),
(6, '2026-08-23', NULL),
(6, '2026-08-24', NULL),
(6, '2026-08-25', NULL),
(6, '2026-08-26', NULL),
(6, '2026-08-27', NULL),
(6, '2026-08-28', NULL),
(6, '2026-08-29', NULL),
(6, '2026-08-30', NULL),
(6, '2026-08-31', NULL),
(6, '2026-09-01', NULL),
(6, '2026-09-02', NULL),
(6, '2026-09-03', NULL),
(6, '2026-09-04', NULL),
(6, '2026-09-05', NULL),
(6, '2026-09-06', NULL),
(6, '2026-09-07', NULL),
(6, '2026-09-08', NULL),
(6, '2026-09-09', NULL),
(6, '2026-09-10', NULL),
(6, '2026-09-11', NULL),
(6, '2026-09-12', NULL),
(6, '2026-09-13', NULL),
(6, '2026-09-14', NULL),
(6, '2026-09-15', NULL),
(7, '2026-06-01', NULL),
(7, '2026-06-02', NULL),
(7, '2026-06-03', NULL),
(7, '2026-06-04', NULL),
(7, '2026-06-05', NULL),
(7, '2026-06-06', NULL),
(7, '2026-06-07', NULL),
(7, '2026-06-08', NULL),
(7, '2026-06-09', NULL),
(7, '2026-06-10', NULL),
(7, '2026-06-11', NULL),
(7, '2026-06-12', NULL),
(7, '2026-06-13', NULL),
(7, '2026-06-14', NULL),
(7, '2026-06-15', NULL),
(7, '2026-06-16', NULL),
(7, '2026-06-17', NULL),
(7, '2026-06-18', NULL),
(7, '2026-06-19', NULL),
(7, '2026-06-20', NULL),
(7, '2026-06-21', NULL),
(7, '2026-06-22', NULL),
(7, '2026-06-23', NULL),
(7, '2026-06-24', NULL),
(7, '2026-06-25', NULL),
(7, '2026-06-26', NULL),
(7, '2026-06-27', NULL),
(7, '2026-06-28', NULL),
(7, '2026-06-29', NULL),
(7, '2026-06-30', NULL),
(7, '2026-07-01', NULL),
(7, '2026-07-02', NULL),
(7, '2026-07-03', NULL),
(7, '2026-07-04', NULL),
(7, '2026-07-05', NULL),
(7, '2026-07-06', NULL),
(7, '2026-07-07', NULL),
(7, '2026-07-08', NULL),
(7, '2026-07-09', NULL),
(7, '2026-07-10', NULL),
(7, '2026-07-11', NULL),
(7, '2026-07-12', NULL),
(7, '2026-07-13', NULL),
(7, '2026-07-14', NULL),
(7, '2026-07-15', NULL),
(7, '2026-07-16', NULL),
(7, '2026-07-17', NULL),
(7, '2026-07-18', NULL),
(7, '2026-07-19', NULL),
(7, '2026-07-20', NULL),
(7, '2026-07-21', NULL),
(7, '2026-07-22', NULL),
(7, '2026-07-23', NULL),
(7, '2026-07-24', NULL),
(7, '2026-07-25', NULL),
(7, '2026-07-26', NULL),
(7, '2026-07-27', NULL),
(7, '2026-07-28', NULL),
(7, '2026-07-29', NULL),
(7, '2026-07-30', NULL),
(7, '2026-07-31', NULL),
(7, '2026-08-01', NULL),
(7, '2026-08-02', NULL),
(7, '2026-08-03', NULL),
(7, '2026-08-04', NULL),
(7, '2026-08-05', NULL),
(7, '2026-08-06', NULL),
(7, '2026-08-07', NULL),
(7, '2026-08-08', NULL),
(7, '2026-08-09', NULL),
(7, '2026-08-10', NULL),
(7, '2026-08-11', NULL),
(7, '2026-08-12', NULL),
(7, '2026-08-13', NULL),
(7, '2026-08-14', NULL),
(7, '2026-08-15', NULL),
(7, '2026-08-16', NULL),
(7, '2026-08-17', NULL),
(7, '2026-08-18', NULL),
(7, '2026-08-19', NULL),
(7, '2026-08-20', NULL),
(7, '2026-08-21', NULL),
(7, '2026-08-22', NULL),
(7, '2026-08-23', NULL),
(7, '2026-08-24', NULL),
(7, '2026-08-25', NULL),
(7, '2026-08-26', NULL),
(7, '2026-08-27', NULL),
(7, '2026-08-28', NULL),
(7, '2026-08-29', NULL),
(7, '2026-08-30', NULL),
(7, '2026-08-31', NULL),
(7, '2026-09-01', NULL),
(7, '2026-09-02', NULL),
(7, '2026-09-03', NULL),
(7, '2026-09-04', NULL),
(7, '2026-09-05', NULL),
(7, '2026-09-06', NULL),
(7, '2026-09-07', NULL),
(7, '2026-09-08', NULL),
(7, '2026-09-09', NULL),
(7, '2026-09-10', NULL),
(7, '2026-09-11', NULL),
(7, '2026-09-12', NULL),
(7, '2026-09-13', NULL),
(7, '2026-09-14', NULL),
(7, '2026-09-15', NULL),
(8, '2026-06-01', NULL),
(8, '2026-06-02', NULL),
(8, '2026-06-03', NULL),
(8, '2026-06-04', NULL),
(8, '2026-06-05', NULL),
(8, '2026-06-06', NULL),
(8, '2026-06-07', NULL),
(8, '2026-06-08', NULL),
(8, '2026-06-09', NULL),
(8, '2026-06-10', NULL),
(8, '2026-06-11', NULL),
(8, '2026-06-12', NULL),
(8, '2026-06-13', NULL),
(8, '2026-06-14', NULL),
(8, '2026-06-15', NULL),
(8, '2026-06-16', NULL),
(8, '2026-06-17', NULL),
(8, '2026-06-18', NULL),
(8, '2026-06-19', NULL),
(8, '2026-06-20', NULL),
(8, '2026-06-21', NULL),
(8, '2026-06-22', NULL),
(8, '2026-06-23', NULL),
(8, '2026-06-24', NULL),
(8, '2026-06-25', NULL),
(8, '2026-06-26', NULL),
(8, '2026-06-27', NULL),
(8, '2026-06-28', NULL),
(8, '2026-06-29', NULL),
(8, '2026-06-30', NULL),
(8, '2026-07-01', NULL),
(8, '2026-07-02', NULL),
(8, '2026-07-03', NULL),
(8, '2026-07-04', NULL),
(8, '2026-07-05', NULL),
(8, '2026-07-06', NULL),
(8, '2026-07-07', NULL),
(8, '2026-07-08', NULL),
(8, '2026-07-09', NULL),
(8, '2026-07-10', NULL),
(8, '2026-07-11', NULL),
(8, '2026-07-12', NULL),
(8, '2026-07-13', NULL),
(8, '2026-07-14', NULL),
(8, '2026-07-15', NULL),
(8, '2026-07-16', NULL),
(8, '2026-07-17', NULL),
(8, '2026-07-18', NULL),
(8, '2026-07-19', NULL),
(8, '2026-07-20', NULL),
(8, '2026-07-21', NULL),
(8, '2026-07-22', NULL),
(8, '2026-07-23', NULL),
(8, '2026-07-24', NULL),
(8, '2026-07-25', NULL),
(8, '2026-07-26', NULL),
(8, '2026-07-27', NULL),
(8, '2026-07-28', NULL),
(8, '2026-07-29', NULL),
(8, '2026-07-30', NULL),
(8, '2026-07-31', NULL),
(8, '2026-08-01', NULL),
(8, '2026-08-02', NULL),
(8, '2026-08-03', NULL),
(8, '2026-08-04', NULL),
(8, '2026-08-05', NULL),
(8, '2026-08-06', NULL),
(8, '2026-08-07', NULL),
(8, '2026-08-08', NULL),
(8, '2026-08-09', NULL),
(8, '2026-08-10', NULL),
(8, '2026-08-11', NULL),
(8, '2026-08-12', NULL),
(8, '2026-08-13', NULL),
(8, '2026-08-14', NULL),
(8, '2026-08-15', NULL),
(8, '2026-08-16', NULL),
(8, '2026-08-17', NULL),
(8, '2026-08-18', NULL),
(8, '2026-08-19', NULL),
(8, '2026-08-20', NULL),
(8, '2026-08-21', NULL),
(8, '2026-08-22', NULL),
(8, '2026-08-23', NULL),
(8, '2026-08-24', NULL),
(8, '2026-08-25', NULL),
(8, '2026-08-26', NULL),
(8, '2026-08-27', NULL),
(8, '2026-08-28', NULL),
(8, '2026-08-29', NULL),
(8, '2026-08-30', NULL),
(8, '2026-08-31', NULL),
(8, '2026-09-01', NULL),
(8, '2026-09-02', NULL),
(8, '2026-09-03', NULL),
(8, '2026-09-04', NULL),
(8, '2026-09-05', NULL),
(8, '2026-09-06', NULL),
(8, '2026-09-07', NULL),
(8, '2026-09-08', NULL),
(8, '2026-09-09', NULL),
(8, '2026-09-10', NULL),
(8, '2026-09-11', NULL),
(8, '2026-09-12', NULL),
(8, '2026-09-13', NULL),
(8, '2026-09-14', NULL),
(8, '2026-09-15', NULL),
(9, '2026-06-01', NULL),
(9, '2026-06-02', NULL),
(9, '2026-06-03', NULL),
(9, '2026-06-04', NULL),
(9, '2026-06-05', NULL),
(9, '2026-06-06', NULL),
(9, '2026-06-07', NULL),
(9, '2026-06-08', NULL),
(9, '2026-06-09', NULL),
(9, '2026-06-10', NULL),
(9, '2026-06-11', NULL),
(9, '2026-06-12', NULL),
(9, '2026-06-13', NULL),
(9, '2026-06-14', NULL),
(9, '2026-06-15', NULL),
(9, '2026-06-16', NULL),
(9, '2026-06-17', NULL),
(9, '2026-06-18', NULL),
(9, '2026-06-19', NULL),
(9, '2026-06-20', NULL),
(9, '2026-06-21', NULL),
(9, '2026-06-22', NULL),
(9, '2026-06-23', NULL),
(9, '2026-06-24', NULL),
(9, '2026-06-25', NULL),
(9, '2026-06-26', NULL),
(9, '2026-06-27', NULL),
(9, '2026-06-28', NULL),
(9, '2026-06-29', NULL),
(9, '2026-06-30', NULL),
(9, '2026-07-01', NULL),
(9, '2026-07-02', NULL),
(9, '2026-07-03', NULL),
(9, '2026-07-04', NULL),
(9, '2026-07-05', NULL),
(9, '2026-07-06', NULL),
(9, '2026-07-07', NULL),
(9, '2026-07-08', NULL),
(9, '2026-07-09', NULL),
(9, '2026-07-10', NULL),
(9, '2026-07-11', NULL),
(9, '2026-07-12', NULL),
(9, '2026-07-13', NULL),
(9, '2026-07-14', NULL),
(9, '2026-07-15', NULL),
(9, '2026-07-16', NULL),
(9, '2026-07-17', NULL),
(9, '2026-07-18', NULL),
(9, '2026-07-19', NULL),
(9, '2026-07-20', NULL),
(9, '2026-07-21', NULL),
(9, '2026-07-22', NULL),
(9, '2026-07-23', NULL),
(9, '2026-07-24', NULL),
(9, '2026-07-25', NULL),
(9, '2026-07-26', NULL),
(9, '2026-07-27', NULL),
(9, '2026-07-28', NULL),
(9, '2026-07-29', NULL),
(9, '2026-07-30', NULL),
(9, '2026-07-31', NULL),
(9, '2026-08-01', NULL),
(9, '2026-08-02', NULL),
(9, '2026-08-03', NULL),
(9, '2026-08-04', NULL),
(9, '2026-08-05', NULL),
(9, '2026-08-06', NULL),
(9, '2026-08-07', NULL),
(9, '2026-08-08', NULL),
(9, '2026-08-09', NULL),
(9, '2026-08-10', NULL),
(9, '2026-08-11', NULL),
(9, '2026-08-12', NULL),
(9, '2026-08-13', NULL),
(9, '2026-08-14', NULL),
(9, '2026-08-15', NULL),
(9, '2026-08-16', NULL),
(9, '2026-08-17', NULL),
(9, '2026-08-18', NULL),
(9, '2026-08-19', NULL),
(9, '2026-08-20', NULL),
(9, '2026-08-21', NULL),
(9, '2026-08-22', NULL),
(9, '2026-08-23', NULL),
(9, '2026-08-24', NULL),
(9, '2026-08-25', NULL),
(9, '2026-08-26', NULL),
(9, '2026-08-27', NULL),
(9, '2026-08-28', NULL),
(9, '2026-08-29', NULL),
(9, '2026-08-30', NULL),
(9, '2026-08-31', NULL),
(9, '2026-09-01', NULL),
(9, '2026-09-02', NULL),
(9, '2026-09-03', NULL),
(9, '2026-09-04', NULL),
(9, '2026-09-05', NULL),
(9, '2026-09-06', NULL),
(9, '2026-09-07', NULL),
(9, '2026-09-08', NULL),
(9, '2026-09-09', NULL),
(9, '2026-09-10', NULL),
(9, '2026-09-11', NULL),
(9, '2026-09-12', NULL),
(9, '2026-09-13', NULL),
(9, '2026-09-14', NULL),
(9, '2026-09-15', NULL),
(10, '2026-06-01', NULL),
(10, '2026-06-02', NULL),
(10, '2026-06-03', NULL),
(10, '2026-06-04', NULL),
(10, '2026-06-05', NULL),
(10, '2026-06-06', NULL),
(10, '2026-06-07', NULL),
(10, '2026-06-08', NULL),
(10, '2026-06-09', NULL),
(10, '2026-06-10', NULL),
(10, '2026-06-11', NULL),
(10, '2026-06-12', NULL),
(10, '2026-06-13', NULL),
(10, '2026-06-14', NULL),
(10, '2026-06-15', NULL),
(10, '2026-06-16', NULL),
(10, '2026-06-17', NULL),
(10, '2026-06-18', NULL),
(10, '2026-06-19', NULL),
(10, '2026-06-20', NULL),
(10, '2026-06-21', NULL),
(10, '2026-06-22', NULL),
(10, '2026-06-23', NULL),
(10, '2026-06-24', NULL),
(10, '2026-06-25', NULL),
(10, '2026-06-26', NULL),
(10, '2026-06-27', NULL),
(10, '2026-06-28', NULL),
(10, '2026-06-29', NULL),
(10, '2026-06-30', NULL),
(10, '2026-07-01', NULL),
(10, '2026-07-02', NULL),
(10, '2026-07-03', NULL),
(10, '2026-07-04', NULL),
(10, '2026-07-05', NULL),
(10, '2026-07-06', NULL),
(10, '2026-07-07', NULL),
(10, '2026-07-08', NULL),
(10, '2026-07-09', NULL),
(10, '2026-07-10', NULL),
(10, '2026-07-11', NULL),
(10, '2026-07-12', NULL),
(10, '2026-07-13', NULL),
(10, '2026-07-14', NULL),
(10, '2026-07-15', NULL),
(10, '2026-07-16', NULL),
(10, '2026-07-17', NULL),
(10, '2026-07-18', NULL),
(10, '2026-07-19', NULL),
(10, '2026-07-20', NULL),
(10, '2026-07-21', NULL),
(10, '2026-07-22', NULL),
(10, '2026-07-23', NULL),
(10, '2026-07-24', NULL),
(10, '2026-07-25', NULL),
(10, '2026-07-26', NULL),
(10, '2026-07-27', NULL),
(10, '2026-07-28', NULL),
(10, '2026-07-29', NULL),
(10, '2026-07-30', NULL),
(10, '2026-07-31', NULL),
(10, '2026-08-01', NULL),
(10, '2026-08-02', NULL),
(10, '2026-08-03', NULL),
(10, '2026-08-04', NULL),
(10, '2026-08-05', NULL),
(10, '2026-08-06', NULL),
(10, '2026-08-07', NULL),
(10, '2026-08-08', NULL),
(10, '2026-08-09', NULL),
(10, '2026-08-10', NULL),
(10, '2026-08-11', NULL),
(10, '2026-08-12', NULL),
(10, '2026-08-13', NULL),
(10, '2026-08-14', NULL),
(10, '2026-08-15', NULL),
(10, '2026-08-16', NULL),
(10, '2026-08-17', NULL),
(10, '2026-08-18', NULL),
(10, '2026-08-19', NULL),
(10, '2026-08-20', NULL),
(10, '2026-08-21', NULL),
(10, '2026-08-22', NULL),
(10, '2026-08-23', NULL),
(10, '2026-08-24', NULL),
(10, '2026-08-25', NULL),
(10, '2026-08-26', NULL),
(10, '2026-08-27', NULL),
(10, '2026-08-28', NULL),
(10, '2026-08-29', NULL),
(10, '2026-08-30', NULL),
(10, '2026-08-31', NULL),
(10, '2026-09-01', NULL),
(10, '2026-09-02', NULL),
(10, '2026-09-03', NULL),
(10, '2026-09-04', NULL),
(10, '2026-09-05', NULL),
(10, '2026-09-06', NULL),
(10, '2026-09-07', NULL),
(10, '2026-09-08', NULL),
(10, '2026-09-09', NULL),
(10, '2026-09-10', NULL),
(10, '2026-09-11', NULL),
(10, '2026-09-12', NULL),
(10, '2026-09-13', NULL),
(10, '2026-09-14', NULL),
(10, '2026-09-15', NULL),
(11, '2026-06-01', NULL),
(11, '2026-06-02', NULL),
(11, '2026-06-03', NULL),
(11, '2026-06-04', NULL),
(11, '2026-06-05', NULL),
(11, '2026-06-06', NULL),
(11, '2026-06-07', NULL),
(11, '2026-06-08', NULL),
(11, '2026-06-09', NULL),
(11, '2026-06-10', NULL),
(11, '2026-06-11', NULL),
(11, '2026-06-12', NULL),
(11, '2026-06-13', NULL),
(11, '2026-06-14', NULL),
(11, '2026-06-15', NULL),
(11, '2026-06-16', NULL),
(11, '2026-06-17', NULL),
(11, '2026-06-18', NULL),
(11, '2026-06-19', NULL),
(11, '2026-06-20', NULL),
(11, '2026-06-21', NULL),
(11, '2026-06-22', NULL),
(11, '2026-06-23', NULL),
(11, '2026-06-24', NULL),
(11, '2026-06-25', NULL),
(11, '2026-06-26', NULL),
(11, '2026-06-27', NULL),
(11, '2026-06-28', NULL),
(11, '2026-06-29', NULL),
(11, '2026-06-30', NULL),
(11, '2026-07-01', NULL),
(11, '2026-07-02', NULL),
(11, '2026-07-03', NULL),
(11, '2026-07-04', NULL),
(11, '2026-07-05', NULL),
(11, '2026-07-06', NULL),
(11, '2026-07-07', NULL),
(11, '2026-07-08', NULL),
(11, '2026-07-09', NULL),
(11, '2026-07-10', NULL),
(11, '2026-07-11', NULL),
(11, '2026-07-12', NULL),
(11, '2026-07-13', NULL),
(11, '2026-07-14', NULL),
(11, '2026-07-15', NULL),
(11, '2026-07-16', NULL),
(11, '2026-07-17', NULL),
(11, '2026-07-18', NULL),
(11, '2026-07-19', NULL),
(11, '2026-07-20', NULL),
(11, '2026-07-21', NULL),
(11, '2026-07-22', NULL),
(11, '2026-07-23', NULL),
(11, '2026-07-24', NULL),
(11, '2026-07-25', NULL),
(11, '2026-07-26', NULL),
(11, '2026-07-27', NULL),
(11, '2026-07-28', NULL),
(11, '2026-07-29', NULL),
(11, '2026-07-30', NULL),
(11, '2026-07-31', NULL),
(11, '2026-08-01', NULL),
(11, '2026-08-02', NULL),
(11, '2026-08-03', NULL),
(11, '2026-08-04', NULL),
(11, '2026-08-05', NULL),
(11, '2026-08-06', NULL),
(11, '2026-08-07', NULL),
(11, '2026-08-08', NULL),
(11, '2026-08-09', NULL),
(11, '2026-08-10', NULL),
(11, '2026-08-11', NULL),
(11, '2026-08-12', NULL),
(11, '2026-08-13', NULL),
(11, '2026-08-14', NULL),
(11, '2026-08-15', NULL),
(11, '2026-08-16', NULL),
(11, '2026-08-17', NULL),
(11, '2026-08-18', NULL),
(11, '2026-08-19', NULL),
(11, '2026-08-20', NULL),
(11, '2026-08-21', NULL),
(11, '2026-08-22', NULL),
(11, '2026-08-23', NULL),
(11, '2026-08-24', NULL),
(11, '2026-08-25', NULL),
(11, '2026-08-26', NULL),
(11, '2026-08-27', NULL),
(11, '2026-08-28', NULL),
(11, '2026-08-29', NULL),
(11, '2026-08-30', NULL),
(11, '2026-08-31', NULL),
(11, '2026-09-01', NULL),
(11, '2026-09-02', NULL),
(11, '2026-09-03', NULL),
(11, '2026-09-04', NULL),
(11, '2026-09-05', NULL),
(11, '2026-09-06', NULL),
(11, '2026-09-07', NULL),
(11, '2026-09-08', NULL),
(11, '2026-09-09', NULL),
(11, '2026-09-10', NULL),
(11, '2026-09-12', NULL),
(11, '2026-09-13', NULL),
(11, '2026-09-14', NULL),
(11, '2026-09-15', NULL),
(12, '2026-06-01', NULL),
(12, '2026-06-02', NULL),
(12, '2026-06-03', NULL),
(12, '2026-06-04', NULL),
(12, '2026-06-05', NULL),
(12, '2026-06-06', NULL),
(12, '2026-06-07', NULL),
(12, '2026-06-08', NULL),
(12, '2026-06-09', NULL),
(12, '2026-06-10', NULL),
(12, '2026-06-11', NULL),
(12, '2026-06-12', NULL),
(12, '2026-06-13', NULL),
(12, '2026-06-14', NULL),
(12, '2026-06-15', NULL),
(12, '2026-06-16', NULL),
(12, '2026-06-17', NULL),
(12, '2026-06-18', NULL),
(12, '2026-06-19', NULL),
(12, '2026-06-20', NULL),
(12, '2026-06-21', NULL),
(12, '2026-06-22', NULL),
(12, '2026-06-23', NULL),
(12, '2026-06-24', NULL),
(12, '2026-06-25', NULL),
(12, '2026-06-26', NULL),
(12, '2026-06-27', NULL),
(12, '2026-06-28', NULL),
(12, '2026-06-29', NULL),
(12, '2026-06-30', NULL),
(12, '2026-07-01', NULL),
(12, '2026-07-02', NULL),
(12, '2026-07-03', NULL),
(12, '2026-07-04', NULL),
(12, '2026-07-05', NULL),
(12, '2026-07-06', NULL),
(12, '2026-07-07', NULL),
(12, '2026-07-08', NULL),
(12, '2026-07-09', NULL),
(12, '2026-07-10', NULL),
(12, '2026-07-11', NULL),
(12, '2026-07-12', NULL),
(12, '2026-07-13', NULL),
(12, '2026-07-14', NULL),
(12, '2026-07-15', NULL),
(12, '2026-07-16', NULL),
(12, '2026-07-17', NULL),
(12, '2026-07-18', NULL),
(12, '2026-07-19', NULL),
(12, '2026-07-20', NULL),
(12, '2026-07-21', NULL),
(12, '2026-07-22', NULL),
(12, '2026-07-23', NULL),
(12, '2026-07-24', NULL),
(12, '2026-07-25', NULL),
(12, '2026-07-26', NULL),
(12, '2026-07-27', NULL),
(12, '2026-07-28', NULL),
(12, '2026-07-29', NULL),
(12, '2026-07-30', NULL),
(12, '2026-07-31', NULL),
(12, '2026-08-01', NULL),
(12, '2026-08-02', NULL),
(12, '2026-08-03', NULL),
(12, '2026-08-04', NULL),
(12, '2026-08-05', NULL),
(12, '2026-08-06', NULL),
(12, '2026-08-07', NULL),
(12, '2026-08-08', NULL),
(12, '2026-08-09', NULL),
(12, '2026-08-10', NULL),
(12, '2026-08-11', NULL),
(12, '2026-08-12', NULL),
(12, '2026-08-13', NULL),
(12, '2026-08-14', NULL),
(12, '2026-08-15', NULL),
(12, '2026-08-16', NULL),
(12, '2026-08-17', NULL),
(12, '2026-08-18', NULL),
(12, '2026-08-19', NULL),
(12, '2026-08-20', NULL),
(12, '2026-08-21', NULL),
(12, '2026-08-22', NULL),
(12, '2026-08-23', NULL),
(12, '2026-08-24', NULL),
(12, '2026-08-25', NULL),
(12, '2026-08-26', NULL),
(12, '2026-08-27', NULL),
(12, '2026-08-28', NULL),
(12, '2026-08-29', NULL),
(12, '2026-08-30', NULL),
(12, '2026-08-31', NULL),
(12, '2026-09-01', NULL),
(12, '2026-09-02', NULL),
(12, '2026-09-03', NULL),
(12, '2026-09-04', NULL),
(12, '2026-09-05', NULL),
(12, '2026-09-06', NULL),
(12, '2026-09-07', NULL),
(12, '2026-09-08', NULL),
(12, '2026-09-09', NULL),
(12, '2026-09-10', NULL),
(12, '2026-09-12', NULL),
(12, '2026-09-13', NULL),
(12, '2026-09-14', NULL),
(12, '2026-09-15', NULL),
(13, '2026-06-01', NULL),
(13, '2026-06-02', NULL),
(13, '2026-06-03', NULL),
(13, '2026-06-04', NULL),
(13, '2026-06-05', NULL),
(13, '2026-06-06', NULL),
(13, '2026-06-07', NULL),
(13, '2026-06-08', NULL),
(13, '2026-06-09', NULL),
(13, '2026-06-10', NULL),
(13, '2026-06-11', NULL),
(13, '2026-06-12', NULL),
(13, '2026-06-13', NULL),
(13, '2026-06-14', NULL),
(13, '2026-06-15', NULL),
(13, '2026-06-16', NULL),
(13, '2026-06-17', NULL),
(13, '2026-06-18', NULL),
(13, '2026-06-19', NULL),
(13, '2026-06-20', NULL),
(13, '2026-06-21', NULL),
(13, '2026-06-22', NULL),
(13, '2026-06-23', NULL),
(13, '2026-06-24', NULL),
(13, '2026-06-25', NULL),
(13, '2026-06-26', NULL),
(13, '2026-06-27', NULL),
(13, '2026-06-28', NULL),
(13, '2026-06-29', NULL),
(13, '2026-06-30', NULL),
(13, '2026-07-01', NULL),
(13, '2026-07-02', NULL),
(13, '2026-07-03', NULL),
(13, '2026-07-04', NULL),
(13, '2026-07-05', NULL),
(13, '2026-07-06', NULL),
(13, '2026-07-07', NULL),
(13, '2026-07-08', NULL),
(13, '2026-07-09', NULL),
(13, '2026-07-10', NULL),
(13, '2026-07-11', NULL),
(13, '2026-07-12', NULL),
(13, '2026-07-13', NULL),
(13, '2026-07-14', NULL),
(13, '2026-07-15', NULL),
(13, '2026-07-16', NULL),
(13, '2026-07-17', NULL),
(13, '2026-07-18', NULL),
(13, '2026-07-19', NULL),
(13, '2026-07-20', NULL),
(13, '2026-07-21', NULL),
(13, '2026-07-22', NULL),
(13, '2026-07-23', NULL),
(13, '2026-07-24', NULL),
(13, '2026-07-25', NULL),
(13, '2026-07-26', NULL),
(13, '2026-07-27', NULL),
(13, '2026-07-28', NULL),
(13, '2026-07-29', NULL),
(13, '2026-07-30', NULL),
(13, '2026-07-31', NULL),
(13, '2026-08-01', NULL),
(13, '2026-08-02', NULL),
(13, '2026-08-03', NULL),
(13, '2026-08-04', NULL),
(13, '2026-08-05', NULL),
(13, '2026-08-06', NULL),
(13, '2026-08-07', NULL),
(13, '2026-08-08', NULL),
(13, '2026-08-09', NULL),
(13, '2026-08-10', NULL),
(13, '2026-08-11', NULL),
(13, '2026-08-12', NULL),
(13, '2026-08-13', NULL),
(13, '2026-08-14', NULL),
(13, '2026-08-15', NULL),
(13, '2026-08-16', NULL),
(13, '2026-08-17', NULL),
(13, '2026-08-18', NULL),
(13, '2026-08-19', NULL),
(13, '2026-08-20', NULL),
(13, '2026-08-21', NULL),
(13, '2026-08-22', NULL),
(13, '2026-08-23', NULL),
(13, '2026-08-24', NULL),
(13, '2026-08-25', NULL),
(13, '2026-08-26', NULL),
(13, '2026-08-27', NULL),
(13, '2026-08-28', NULL),
(13, '2026-08-29', NULL),
(13, '2026-08-30', NULL),
(13, '2026-08-31', NULL),
(13, '2026-09-01', NULL),
(13, '2026-09-02', NULL),
(13, '2026-09-03', NULL),
(13, '2026-09-04', NULL),
(13, '2026-09-05', NULL),
(13, '2026-09-06', NULL),
(13, '2026-09-07', NULL),
(13, '2026-09-08', NULL),
(13, '2026-09-09', NULL),
(13, '2026-09-10', NULL),
(13, '2026-09-12', NULL),
(13, '2026-09-13', NULL),
(13, '2026-09-14', NULL),
(13, '2026-09-15', NULL),
(14, '2026-06-01', NULL),
(14, '2026-06-02', NULL),
(14, '2026-06-03', NULL),
(14, '2026-06-04', NULL),
(14, '2026-06-05', NULL),
(14, '2026-06-06', NULL),
(14, '2026-06-07', NULL),
(14, '2026-06-08', NULL),
(14, '2026-06-09', NULL),
(14, '2026-06-10', NULL),
(14, '2026-06-11', NULL),
(14, '2026-06-12', NULL),
(14, '2026-06-13', NULL),
(14, '2026-06-14', NULL),
(14, '2026-06-15', NULL),
(14, '2026-06-16', NULL),
(14, '2026-06-17', NULL),
(14, '2026-06-18', NULL),
(14, '2026-06-19', NULL),
(14, '2026-06-20', NULL),
(14, '2026-06-21', NULL),
(14, '2026-06-22', NULL),
(14, '2026-06-23', NULL),
(14, '2026-06-24', NULL),
(14, '2026-06-25', NULL),
(14, '2026-06-26', NULL),
(14, '2026-06-27', NULL),
(14, '2026-06-28', NULL),
(14, '2026-06-29', NULL),
(14, '2026-06-30', NULL),
(14, '2026-07-01', NULL),
(14, '2026-07-02', NULL),
(14, '2026-07-03', NULL),
(14, '2026-07-04', NULL),
(14, '2026-07-05', NULL),
(14, '2026-07-06', NULL),
(14, '2026-07-07', NULL),
(14, '2026-07-08', NULL),
(14, '2026-07-09', NULL),
(14, '2026-07-10', NULL),
(14, '2026-07-11', NULL),
(14, '2026-07-12', NULL),
(14, '2026-07-13', NULL),
(14, '2026-07-14', NULL),
(14, '2026-07-15', NULL),
(14, '2026-07-16', NULL),
(14, '2026-07-17', NULL),
(14, '2026-07-18', NULL),
(14, '2026-07-19', NULL),
(14, '2026-07-20', NULL),
(14, '2026-07-21', NULL),
(14, '2026-07-22', NULL),
(14, '2026-07-23', NULL),
(14, '2026-07-24', NULL),
(14, '2026-07-25', NULL),
(14, '2026-07-26', NULL),
(14, '2026-07-27', NULL),
(14, '2026-07-28', NULL),
(14, '2026-07-29', NULL),
(14, '2026-07-30', NULL),
(14, '2026-07-31', NULL),
(14, '2026-08-01', NULL),
(14, '2026-08-02', NULL),
(14, '2026-08-03', NULL),
(14, '2026-08-04', NULL),
(14, '2026-08-05', NULL),
(14, '2026-08-06', NULL),
(14, '2026-08-07', NULL),
(14, '2026-08-08', NULL),
(14, '2026-08-09', NULL),
(14, '2026-08-10', NULL),
(14, '2026-08-11', NULL),
(14, '2026-08-12', NULL),
(14, '2026-08-13', NULL),
(14, '2026-08-14', NULL),
(14, '2026-08-15', NULL),
(14, '2026-08-16', NULL),
(14, '2026-08-17', NULL),
(14, '2026-08-18', NULL),
(14, '2026-08-19', NULL),
(14, '2026-08-20', NULL),
(14, '2026-08-21', NULL),
(14, '2026-08-22', NULL),
(14, '2026-08-23', NULL),
(14, '2026-08-24', NULL),
(14, '2026-08-25', NULL),
(14, '2026-08-26', NULL),
(14, '2026-08-27', NULL),
(14, '2026-08-28', NULL),
(14, '2026-08-29', NULL),
(14, '2026-08-30', NULL),
(14, '2026-08-31', NULL),
(14, '2026-09-01', NULL),
(14, '2026-09-02', NULL),
(14, '2026-09-03', NULL),
(14, '2026-09-04', NULL),
(14, '2026-09-05', NULL),
(14, '2026-09-06', NULL),
(14, '2026-09-07', NULL),
(14, '2026-09-08', NULL),
(14, '2026-09-09', NULL),
(14, '2026-09-10', NULL),
(14, '2026-09-11', NULL),
(14, '2026-09-12', NULL),
(14, '2026-09-13', NULL),
(14, '2026-09-14', NULL),
(14, '2026-09-15', NULL),
(15, '2026-06-01', NULL),
(15, '2026-06-02', NULL),
(15, '2026-06-03', NULL),
(15, '2026-06-04', NULL),
(15, '2026-06-05', NULL),
(15, '2026-06-06', NULL),
(15, '2026-06-07', NULL),
(15, '2026-06-08', NULL),
(15, '2026-06-09', NULL),
(15, '2026-06-10', NULL),
(15, '2026-06-11', NULL),
(15, '2026-06-12', NULL),
(15, '2026-06-13', NULL),
(15, '2026-06-14', NULL),
(15, '2026-06-15', NULL),
(15, '2026-06-16', NULL),
(15, '2026-06-17', NULL),
(15, '2026-06-18', NULL),
(15, '2026-06-19', NULL),
(15, '2026-06-20', NULL),
(15, '2026-06-21', NULL),
(15, '2026-06-22', NULL),
(15, '2026-06-23', NULL),
(15, '2026-06-24', NULL),
(15, '2026-06-25', NULL),
(15, '2026-06-26', NULL),
(15, '2026-06-27', NULL),
(15, '2026-06-28', NULL),
(15, '2026-06-29', NULL),
(15, '2026-06-30', NULL),
(15, '2026-07-01', NULL),
(15, '2026-07-02', NULL),
(15, '2026-07-03', NULL),
(15, '2026-07-04', NULL),
(15, '2026-07-05', NULL),
(15, '2026-07-06', NULL),
(15, '2026-07-07', NULL),
(15, '2026-07-08', NULL),
(15, '2026-07-09', NULL),
(15, '2026-07-10', NULL),
(15, '2026-07-11', NULL),
(15, '2026-07-12', NULL),
(15, '2026-07-13', NULL),
(15, '2026-07-14', NULL),
(15, '2026-07-15', NULL),
(15, '2026-07-16', NULL),
(15, '2026-07-17', NULL),
(15, '2026-07-18', NULL),
(15, '2026-07-19', NULL),
(15, '2026-07-20', NULL),
(15, '2026-07-21', NULL),
(15, '2026-07-22', NULL),
(15, '2026-07-23', NULL),
(15, '2026-07-24', NULL),
(15, '2026-07-25', NULL),
(15, '2026-07-26', NULL),
(15, '2026-07-27', NULL),
(15, '2026-07-28', NULL),
(15, '2026-07-29', NULL),
(15, '2026-07-30', NULL),
(15, '2026-07-31', NULL),
(15, '2026-08-01', NULL),
(15, '2026-08-02', NULL),
(15, '2026-08-03', NULL),
(15, '2026-08-04', NULL),
(15, '2026-08-05', NULL),
(15, '2026-08-06', NULL),
(15, '2026-08-07', NULL),
(15, '2026-08-08', NULL),
(15, '2026-08-09', NULL),
(15, '2026-08-10', NULL),
(15, '2026-08-11', NULL),
(15, '2026-08-12', NULL),
(15, '2026-08-13', NULL),
(15, '2026-08-14', NULL),
(15, '2026-08-15', NULL),
(15, '2026-08-16', NULL),
(15, '2026-08-17', NULL),
(15, '2026-08-18', NULL),
(15, '2026-08-19', NULL),
(15, '2026-08-20', NULL),
(15, '2026-08-21', NULL),
(15, '2026-08-22', NULL),
(15, '2026-08-23', NULL),
(15, '2026-08-24', NULL),
(15, '2026-08-25', NULL),
(15, '2026-08-26', NULL),
(15, '2026-08-27', NULL),
(15, '2026-08-28', NULL),
(15, '2026-08-29', NULL),
(15, '2026-08-30', NULL),
(15, '2026-08-31', NULL),
(15, '2026-09-01', NULL),
(15, '2026-09-02', NULL),
(15, '2026-09-03', NULL),
(15, '2026-09-04', NULL),
(15, '2026-09-05', NULL),
(15, '2026-09-06', NULL),
(15, '2026-09-07', NULL),
(15, '2026-09-08', NULL),
(15, '2026-09-09', NULL),
(15, '2026-09-10', NULL),
(15, '2026-09-11', NULL),
(15, '2026-09-12', NULL),
(15, '2026-09-13', NULL),
(15, '2026-09-14', NULL),
(15, '2026-09-15', NULL),
(16, '2026-06-01', NULL),
(16, '2026-06-02', NULL),
(16, '2026-06-03', NULL),
(16, '2026-06-04', NULL),
(16, '2026-06-05', NULL),
(16, '2026-06-06', NULL),
(16, '2026-06-07', NULL),
(16, '2026-06-08', NULL),
(16, '2026-06-09', NULL),
(16, '2026-06-10', NULL),
(16, '2026-06-11', NULL),
(16, '2026-06-12', NULL),
(16, '2026-06-13', NULL),
(16, '2026-06-14', NULL),
(16, '2026-06-15', NULL),
(16, '2026-06-16', NULL),
(16, '2026-06-17', NULL),
(16, '2026-06-18', NULL),
(16, '2026-06-19', NULL),
(16, '2026-06-20', NULL),
(16, '2026-06-21', NULL),
(16, '2026-06-22', NULL),
(16, '2026-06-23', NULL),
(16, '2026-06-24', NULL),
(16, '2026-06-25', NULL),
(16, '2026-06-26', NULL),
(16, '2026-06-27', NULL),
(16, '2026-06-28', NULL),
(16, '2026-06-29', NULL),
(16, '2026-06-30', NULL),
(16, '2026-07-01', NULL),
(16, '2026-07-02', NULL),
(16, '2026-07-03', NULL),
(16, '2026-07-04', NULL),
(16, '2026-07-05', NULL),
(16, '2026-07-06', NULL),
(16, '2026-07-07', NULL),
(16, '2026-07-08', NULL),
(16, '2026-07-09', NULL),
(16, '2026-07-10', NULL),
(16, '2026-07-11', NULL),
(16, '2026-07-12', NULL),
(16, '2026-07-13', NULL),
(16, '2026-07-14', NULL),
(16, '2026-07-15', NULL),
(16, '2026-07-16', NULL),
(16, '2026-07-17', NULL),
(16, '2026-07-18', NULL),
(16, '2026-07-19', NULL),
(16, '2026-07-20', NULL),
(16, '2026-07-21', NULL),
(16, '2026-07-22', NULL),
(16, '2026-07-23', NULL),
(16, '2026-07-24', NULL),
(16, '2026-07-25', NULL),
(16, '2026-07-26', NULL),
(16, '2026-07-27', NULL),
(16, '2026-07-28', NULL),
(16, '2026-07-29', NULL),
(16, '2026-07-30', NULL),
(16, '2026-07-31', NULL),
(16, '2026-08-01', NULL),
(16, '2026-08-02', NULL),
(16, '2026-08-03', NULL),
(16, '2026-08-04', NULL),
(16, '2026-08-05', NULL),
(16, '2026-08-06', NULL),
(16, '2026-08-07', NULL),
(16, '2026-08-08', NULL),
(16, '2026-08-09', NULL),
(16, '2026-08-10', NULL),
(16, '2026-08-11', NULL),
(16, '2026-08-12', NULL),
(16, '2026-08-13', NULL),
(16, '2026-08-14', NULL),
(16, '2026-08-15', NULL),
(16, '2026-08-16', NULL),
(16, '2026-08-17', NULL),
(16, '2026-08-18', NULL),
(16, '2026-08-19', NULL),
(16, '2026-08-20', NULL),
(16, '2026-08-21', NULL),
(16, '2026-08-22', NULL),
(16, '2026-08-23', NULL),
(16, '2026-08-24', NULL),
(16, '2026-08-25', NULL),
(16, '2026-08-26', NULL),
(16, '2026-08-27', NULL),
(16, '2026-08-28', NULL),
(16, '2026-08-29', NULL),
(16, '2026-08-30', NULL),
(16, '2026-08-31', NULL),
(16, '2026-09-01', NULL),
(16, '2026-09-02', NULL),
(16, '2026-09-03', NULL),
(16, '2026-09-04', NULL),
(16, '2026-09-05', NULL),
(16, '2026-09-06', NULL),
(16, '2026-09-07', NULL),
(16, '2026-09-08', NULL),
(16, '2026-09-09', NULL),
(16, '2026-09-10', NULL),
(16, '2026-09-11', NULL),
(16, '2026-09-12', NULL),
(16, '2026-09-13', NULL),
(16, '2026-09-14', NULL),
(16, '2026-09-15', NULL),
(17, '2026-06-01', NULL),
(17, '2026-06-02', NULL),
(17, '2026-06-03', NULL),
(17, '2026-06-04', NULL),
(17, '2026-06-05', NULL),
(17, '2026-06-06', NULL),
(17, '2026-06-07', NULL),
(17, '2026-06-08', NULL),
(17, '2026-06-09', NULL),
(17, '2026-06-10', NULL),
(17, '2026-06-11', NULL),
(17, '2026-06-12', NULL),
(17, '2026-06-13', NULL),
(17, '2026-06-14', NULL),
(17, '2026-06-15', NULL),
(17, '2026-06-16', NULL),
(17, '2026-06-17', NULL),
(17, '2026-06-18', NULL),
(17, '2026-06-19', NULL),
(17, '2026-06-20', NULL),
(17, '2026-06-21', NULL),
(17, '2026-06-22', NULL),
(17, '2026-06-23', NULL),
(17, '2026-06-24', NULL),
(17, '2026-06-25', NULL),
(17, '2026-06-26', NULL),
(17, '2026-06-27', NULL),
(17, '2026-06-28', NULL),
(17, '2026-06-29', NULL),
(17, '2026-06-30', NULL),
(17, '2026-07-01', NULL),
(17, '2026-07-02', NULL),
(17, '2026-07-03', NULL),
(17, '2026-07-04', NULL),
(17, '2026-07-05', NULL),
(17, '2026-07-06', NULL),
(17, '2026-07-07', NULL),
(17, '2026-07-08', NULL),
(17, '2026-07-09', NULL),
(17, '2026-07-10', NULL),
(17, '2026-07-11', NULL),
(17, '2026-07-12', NULL),
(17, '2026-07-13', NULL),
(17, '2026-07-14', NULL),
(17, '2026-07-15', NULL),
(17, '2026-07-16', NULL),
(17, '2026-07-17', NULL),
(17, '2026-07-18', NULL),
(17, '2026-07-19', NULL),
(17, '2026-07-20', NULL),
(17, '2026-07-21', NULL),
(17, '2026-07-22', NULL),
(17, '2026-07-23', NULL),
(17, '2026-07-24', NULL),
(17, '2026-07-25', NULL),
(17, '2026-07-26', NULL),
(17, '2026-07-27', NULL),
(17, '2026-07-28', NULL),
(17, '2026-07-29', NULL),
(17, '2026-07-30', NULL),
(17, '2026-07-31', NULL),
(17, '2026-08-01', NULL),
(17, '2026-08-02', NULL),
(17, '2026-08-03', NULL),
(17, '2026-08-04', NULL),
(17, '2026-08-05', NULL),
(17, '2026-08-06', NULL),
(17, '2026-08-07', NULL),
(17, '2026-08-08', NULL),
(17, '2026-08-09', NULL),
(17, '2026-08-10', NULL),
(17, '2026-08-11', NULL),
(17, '2026-08-12', NULL),
(17, '2026-08-13', NULL),
(17, '2026-08-14', NULL),
(17, '2026-08-15', NULL),
(17, '2026-08-16', NULL),
(17, '2026-08-17', NULL),
(17, '2026-08-18', NULL),
(17, '2026-08-19', NULL),
(17, '2026-08-20', NULL),
(17, '2026-08-21', NULL),
(17, '2026-08-22', NULL),
(17, '2026-08-23', NULL),
(17, '2026-08-24', NULL),
(17, '2026-08-25', NULL),
(17, '2026-08-26', NULL),
(17, '2026-08-27', NULL),
(17, '2026-08-28', NULL),
(17, '2026-08-29', NULL),
(17, '2026-08-30', NULL),
(17, '2026-08-31', NULL),
(17, '2026-09-01', NULL),
(17, '2026-09-02', NULL),
(17, '2026-09-03', NULL),
(17, '2026-09-04', NULL),
(17, '2026-09-05', NULL),
(17, '2026-09-06', NULL),
(17, '2026-09-07', NULL),
(17, '2026-09-08', NULL),
(17, '2026-09-09', NULL),
(17, '2026-09-10', NULL),
(17, '2026-09-11', NULL),
(17, '2026-09-12', NULL),
(17, '2026-09-13', NULL),
(17, '2026-09-14', NULL),
(17, '2026-09-15', NULL),
(18, '2026-06-01', NULL),
(18, '2026-06-02', NULL),
(18, '2026-06-03', NULL),
(18, '2026-06-04', NULL),
(18, '2026-06-05', NULL),
(18, '2026-06-06', NULL),
(18, '2026-06-07', NULL),
(18, '2026-06-08', NULL),
(18, '2026-06-09', NULL),
(18, '2026-06-10', NULL),
(18, '2026-06-11', NULL),
(18, '2026-06-12', NULL),
(18, '2026-06-13', NULL),
(18, '2026-06-14', NULL),
(18, '2026-06-15', NULL),
(18, '2026-06-16', NULL),
(18, '2026-06-17', NULL),
(18, '2026-06-18', NULL),
(18, '2026-06-19', NULL),
(18, '2026-06-20', NULL),
(18, '2026-06-21', NULL),
(18, '2026-06-22', NULL),
(18, '2026-06-23', NULL),
(18, '2026-06-24', NULL),
(18, '2026-06-25', NULL),
(18, '2026-06-26', NULL),
(18, '2026-06-27', NULL),
(18, '2026-06-28', NULL),
(18, '2026-06-29', NULL),
(18, '2026-06-30', NULL),
(18, '2026-07-01', NULL),
(18, '2026-07-02', NULL),
(18, '2026-07-03', NULL),
(18, '2026-07-04', NULL),
(18, '2026-07-05', NULL),
(18, '2026-07-06', NULL),
(18, '2026-07-07', NULL),
(18, '2026-07-08', NULL),
(18, '2026-07-09', NULL),
(18, '2026-07-10', NULL),
(18, '2026-07-11', NULL),
(18, '2026-07-12', NULL),
(18, '2026-07-13', NULL),
(18, '2026-07-14', NULL),
(18, '2026-07-15', NULL),
(18, '2026-07-16', NULL),
(18, '2026-07-17', NULL),
(18, '2026-07-18', NULL),
(18, '2026-07-19', NULL),
(18, '2026-07-20', NULL),
(18, '2026-07-21', NULL),
(18, '2026-07-22', NULL),
(18, '2026-07-23', NULL),
(18, '2026-07-24', NULL),
(18, '2026-07-25', NULL),
(18, '2026-07-26', NULL),
(18, '2026-07-27', NULL),
(18, '2026-07-28', NULL),
(18, '2026-07-29', NULL),
(18, '2026-07-30', NULL),
(18, '2026-07-31', NULL),
(18, '2026-08-01', NULL),
(18, '2026-08-02', NULL),
(18, '2026-08-03', NULL),
(18, '2026-08-04', NULL),
(18, '2026-08-05', NULL),
(18, '2026-08-06', NULL),
(18, '2026-08-07', NULL),
(18, '2026-08-08', NULL),
(18, '2026-08-09', NULL),
(18, '2026-08-10', NULL),
(18, '2026-08-11', NULL),
(18, '2026-08-12', NULL),
(18, '2026-08-13', NULL),
(18, '2026-08-14', NULL),
(18, '2026-08-15', NULL),
(18, '2026-08-16', NULL),
(18, '2026-08-17', NULL),
(18, '2026-08-18', NULL),
(18, '2026-08-19', NULL),
(18, '2026-08-20', NULL),
(18, '2026-08-21', NULL),
(18, '2026-08-22', NULL),
(18, '2026-08-23', NULL),
(18, '2026-08-24', NULL),
(18, '2026-08-25', NULL),
(18, '2026-08-26', NULL),
(18, '2026-08-27', NULL),
(18, '2026-08-28', NULL),
(18, '2026-08-29', NULL),
(18, '2026-08-30', NULL),
(18, '2026-08-31', NULL),
(18, '2026-09-01', NULL),
(18, '2026-09-02', NULL),
(18, '2026-09-03', NULL),
(18, '2026-09-04', NULL),
(18, '2026-09-05', NULL),
(18, '2026-09-06', NULL),
(18, '2026-09-07', NULL),
(18, '2026-09-08', NULL),
(18, '2026-09-09', NULL),
(18, '2026-09-10', NULL),
(18, '2026-09-11', NULL),
(18, '2026-09-12', NULL),
(18, '2026-09-13', NULL),
(18, '2026-09-14', NULL),
(18, '2026-09-15', NULL),
(19, '2026-06-01', NULL),
(19, '2026-06-02', NULL),
(19, '2026-06-03', NULL),
(19, '2026-06-04', NULL),
(19, '2026-06-05', NULL),
(19, '2026-06-06', NULL),
(19, '2026-06-07', NULL),
(19, '2026-06-08', NULL),
(19, '2026-06-09', NULL),
(19, '2026-06-10', NULL),
(19, '2026-06-11', NULL),
(19, '2026-06-12', NULL),
(19, '2026-06-13', NULL),
(19, '2026-06-14', NULL),
(19, '2026-06-15', NULL),
(19, '2026-06-16', NULL),
(19, '2026-06-17', NULL),
(19, '2026-06-18', NULL),
(19, '2026-06-19', NULL),
(19, '2026-06-20', NULL),
(19, '2026-06-21', NULL),
(19, '2026-06-22', NULL),
(19, '2026-06-23', NULL),
(19, '2026-06-24', NULL),
(19, '2026-06-25', NULL),
(19, '2026-06-26', NULL),
(19, '2026-06-27', NULL),
(19, '2026-06-28', NULL),
(19, '2026-06-29', NULL),
(19, '2026-06-30', NULL),
(19, '2026-07-01', NULL),
(19, '2026-07-02', NULL),
(19, '2026-07-03', NULL),
(19, '2026-07-04', NULL),
(19, '2026-07-05', NULL),
(19, '2026-07-06', NULL),
(19, '2026-07-07', NULL),
(19, '2026-07-08', NULL),
(19, '2026-07-09', NULL),
(19, '2026-07-10', NULL),
(19, '2026-07-11', NULL),
(19, '2026-07-12', NULL),
(19, '2026-07-13', NULL),
(19, '2026-07-14', NULL),
(19, '2026-07-15', NULL),
(19, '2026-07-16', NULL),
(19, '2026-07-17', NULL),
(19, '2026-07-18', NULL),
(19, '2026-07-19', NULL),
(19, '2026-07-20', NULL),
(19, '2026-07-21', NULL),
(19, '2026-07-22', NULL),
(19, '2026-07-23', NULL),
(19, '2026-07-24', NULL),
(19, '2026-07-25', NULL),
(19, '2026-07-26', NULL),
(19, '2026-07-27', NULL),
(19, '2026-07-28', NULL),
(19, '2026-07-29', NULL),
(19, '2026-07-30', NULL),
(19, '2026-07-31', NULL),
(19, '2026-08-01', NULL),
(19, '2026-08-02', NULL),
(19, '2026-08-03', NULL),
(19, '2026-08-04', NULL),
(19, '2026-08-05', NULL),
(19, '2026-08-06', NULL),
(19, '2026-08-07', NULL),
(19, '2026-08-08', NULL),
(19, '2026-08-09', NULL),
(19, '2026-08-10', NULL),
(19, '2026-08-11', NULL),
(19, '2026-08-12', NULL),
(19, '2026-08-13', NULL),
(19, '2026-08-14', NULL),
(19, '2026-08-15', NULL),
(19, '2026-08-16', NULL),
(19, '2026-08-17', NULL),
(19, '2026-08-18', NULL),
(19, '2026-08-19', NULL),
(19, '2026-08-20', NULL),
(19, '2026-08-21', NULL),
(19, '2026-08-22', NULL),
(19, '2026-08-23', NULL),
(19, '2026-08-24', NULL),
(19, '2026-08-25', NULL),
(19, '2026-08-26', NULL),
(19, '2026-08-27', NULL),
(19, '2026-08-28', NULL),
(19, '2026-08-29', NULL),
(19, '2026-08-30', NULL),
(19, '2026-08-31', NULL),
(19, '2026-09-01', NULL),
(19, '2026-09-02', NULL),
(19, '2026-09-03', NULL),
(19, '2026-09-04', NULL),
(19, '2026-09-05', NULL),
(19, '2026-09-06', NULL),
(19, '2026-09-07', NULL),
(19, '2026-09-08', NULL),
(19, '2026-09-09', NULL),
(19, '2026-09-10', NULL),
(19, '2026-09-11', NULL),
(19, '2026-09-12', NULL),
(19, '2026-09-13', NULL),
(19, '2026-09-14', NULL),
(19, '2026-09-15', NULL),
(20, '2026-06-01', NULL),
(20, '2026-06-02', NULL),
(20, '2026-06-03', NULL),
(20, '2026-06-04', NULL),
(20, '2026-06-05', NULL),
(20, '2026-06-06', NULL),
(20, '2026-06-07', NULL),
(20, '2026-06-08', NULL),
(20, '2026-06-09', NULL),
(20, '2026-06-10', NULL),
(20, '2026-06-11', NULL),
(20, '2026-06-12', NULL),
(20, '2026-06-13', NULL),
(20, '2026-06-14', NULL),
(20, '2026-06-15', NULL),
(20, '2026-06-16', NULL),
(20, '2026-06-17', NULL),
(20, '2026-06-18', NULL),
(20, '2026-06-19', NULL),
(20, '2026-06-20', NULL),
(20, '2026-06-21', NULL),
(20, '2026-06-22', NULL),
(20, '2026-06-23', NULL),
(20, '2026-06-24', NULL),
(20, '2026-06-25', NULL),
(20, '2026-06-26', NULL),
(20, '2026-06-27', NULL),
(20, '2026-06-28', NULL),
(20, '2026-06-29', NULL),
(20, '2026-06-30', NULL),
(20, '2026-07-01', NULL),
(20, '2026-07-02', NULL),
(20, '2026-07-03', NULL),
(20, '2026-07-04', NULL),
(20, '2026-07-05', NULL),
(20, '2026-07-06', NULL),
(20, '2026-07-07', NULL),
(20, '2026-07-08', NULL),
(20, '2026-07-09', NULL),
(20, '2026-07-10', NULL),
(20, '2026-07-11', NULL),
(20, '2026-07-12', NULL),
(20, '2026-07-13', NULL),
(20, '2026-07-14', NULL),
(20, '2026-07-15', NULL),
(20, '2026-07-16', NULL),
(20, '2026-07-17', NULL),
(20, '2026-07-18', NULL),
(20, '2026-07-19', NULL),
(20, '2026-07-20', NULL),
(20, '2026-07-21', NULL),
(20, '2026-07-22', NULL),
(20, '2026-07-23', NULL),
(20, '2026-07-24', NULL),
(20, '2026-07-25', NULL),
(20, '2026-07-26', NULL),
(20, '2026-07-27', NULL),
(20, '2026-07-28', NULL),
(20, '2026-07-29', NULL),
(20, '2026-07-30', NULL),
(20, '2026-07-31', NULL),
(20, '2026-08-01', NULL),
(20, '2026-08-02', NULL),
(20, '2026-08-03', NULL),
(20, '2026-08-04', NULL),
(20, '2026-08-05', NULL),
(20, '2026-08-06', NULL),
(20, '2026-08-07', NULL),
(20, '2026-08-08', NULL),
(20, '2026-08-09', NULL),
(20, '2026-08-10', NULL),
(20, '2026-08-11', NULL),
(20, '2026-08-12', NULL),
(20, '2026-08-13', NULL),
(20, '2026-08-14', NULL),
(20, '2026-08-15', NULL),
(20, '2026-08-16', NULL),
(20, '2026-08-17', NULL),
(20, '2026-08-18', NULL),
(20, '2026-08-19', NULL),
(20, '2026-08-20', NULL),
(20, '2026-08-21', NULL),
(20, '2026-08-22', NULL),
(20, '2026-08-23', NULL),
(20, '2026-08-24', NULL),
(20, '2026-08-25', NULL),
(20, '2026-08-26', NULL),
(20, '2026-08-27', NULL),
(20, '2026-08-28', NULL),
(20, '2026-08-29', NULL);
INSERT INTO `giornodisponibilita` (`idOmbrellone`, `data`, `numProgrContratto`) VALUES
(20, '2026-08-30', NULL),
(20, '2026-08-31', NULL),
(20, '2026-09-01', NULL),
(20, '2026-09-02', NULL),
(20, '2026-09-03', NULL),
(20, '2026-09-04', NULL),
(20, '2026-09-05', NULL),
(20, '2026-09-06', NULL),
(20, '2026-09-07', NULL),
(20, '2026-09-08', NULL),
(20, '2026-09-09', NULL),
(20, '2026-09-10', NULL),
(20, '2026-09-11', NULL),
(20, '2026-09-12', NULL),
(20, '2026-09-13', NULL),
(20, '2026-09-14', NULL),
(20, '2026-09-15', NULL),
(21, '2026-06-01', NULL),
(21, '2026-06-02', NULL),
(21, '2026-06-03', NULL),
(21, '2026-06-04', NULL),
(21, '2026-06-05', NULL),
(21, '2026-06-06', NULL),
(21, '2026-06-07', NULL),
(21, '2026-06-08', NULL),
(21, '2026-06-09', NULL),
(21, '2026-06-10', NULL),
(21, '2026-06-11', NULL),
(21, '2026-06-12', NULL),
(21, '2026-06-13', NULL),
(21, '2026-06-14', NULL),
(21, '2026-06-15', NULL),
(21, '2026-06-16', NULL),
(21, '2026-06-17', NULL),
(21, '2026-06-18', NULL),
(21, '2026-06-19', NULL),
(21, '2026-06-20', NULL),
(21, '2026-06-21', NULL),
(21, '2026-06-22', NULL),
(21, '2026-06-23', NULL),
(21, '2026-06-24', NULL),
(21, '2026-06-25', NULL),
(21, '2026-06-26', NULL),
(21, '2026-06-27', NULL),
(21, '2026-06-28', NULL),
(21, '2026-06-29', NULL),
(21, '2026-06-30', NULL),
(21, '2026-07-01', NULL),
(21, '2026-07-02', NULL),
(21, '2026-07-03', NULL),
(21, '2026-07-04', NULL),
(21, '2026-07-05', NULL),
(21, '2026-07-06', NULL),
(21, '2026-07-07', NULL),
(21, '2026-07-08', NULL),
(21, '2026-07-09', NULL),
(21, '2026-07-10', NULL),
(21, '2026-07-11', NULL),
(21, '2026-07-12', NULL),
(21, '2026-07-13', NULL),
(21, '2026-07-14', NULL),
(21, '2026-07-15', NULL),
(21, '2026-07-16', NULL),
(21, '2026-07-17', NULL),
(21, '2026-07-18', NULL),
(21, '2026-07-19', NULL),
(21, '2026-07-20', NULL),
(21, '2026-07-21', NULL),
(21, '2026-07-22', NULL),
(21, '2026-07-23', NULL),
(21, '2026-07-24', NULL),
(21, '2026-07-25', NULL),
(21, '2026-07-26', NULL),
(21, '2026-07-27', NULL),
(21, '2026-07-28', NULL),
(21, '2026-07-29', NULL),
(21, '2026-07-30', NULL),
(21, '2026-07-31', NULL),
(21, '2026-08-01', NULL),
(21, '2026-08-02', NULL),
(21, '2026-08-03', NULL),
(21, '2026-08-04', NULL),
(21, '2026-08-05', NULL),
(21, '2026-08-06', NULL),
(21, '2026-08-07', NULL),
(21, '2026-08-08', NULL),
(21, '2026-08-09', NULL),
(21, '2026-08-10', NULL),
(21, '2026-08-11', NULL),
(21, '2026-08-12', NULL),
(21, '2026-08-13', NULL),
(21, '2026-08-14', NULL),
(21, '2026-08-15', NULL),
(21, '2026-08-16', NULL),
(21, '2026-08-17', NULL),
(21, '2026-08-18', NULL),
(21, '2026-08-19', NULL),
(21, '2026-08-20', NULL),
(21, '2026-08-21', NULL),
(21, '2026-08-22', NULL),
(21, '2026-08-23', NULL),
(21, '2026-08-24', NULL),
(21, '2026-08-25', NULL),
(21, '2026-08-26', NULL),
(21, '2026-08-27', NULL),
(21, '2026-08-28', NULL),
(21, '2026-08-29', NULL),
(21, '2026-08-30', NULL),
(21, '2026-08-31', NULL),
(21, '2026-09-01', NULL),
(21, '2026-09-02', NULL),
(21, '2026-09-03', NULL),
(21, '2026-09-04', NULL),
(21, '2026-09-05', NULL),
(21, '2026-09-06', NULL),
(21, '2026-09-07', NULL),
(21, '2026-09-08', NULL),
(21, '2026-09-09', NULL),
(21, '2026-09-10', NULL),
(21, '2026-09-11', NULL),
(21, '2026-09-12', NULL),
(21, '2026-09-13', NULL),
(21, '2026-09-14', NULL),
(21, '2026-09-15', NULL),
(22, '2026-06-01', NULL),
(22, '2026-06-02', NULL),
(22, '2026-06-03', NULL),
(22, '2026-06-04', NULL),
(22, '2026-06-05', NULL),
(22, '2026-06-06', NULL),
(22, '2026-06-07', NULL),
(22, '2026-06-08', NULL),
(22, '2026-06-09', NULL),
(22, '2026-06-10', NULL),
(22, '2026-06-11', NULL),
(22, '2026-06-12', NULL),
(22, '2026-06-13', NULL),
(22, '2026-06-14', NULL),
(22, '2026-06-15', NULL),
(22, '2026-06-16', NULL),
(22, '2026-06-17', NULL),
(22, '2026-06-18', NULL),
(22, '2026-06-19', NULL),
(22, '2026-06-20', NULL),
(22, '2026-06-21', NULL),
(22, '2026-06-22', NULL),
(22, '2026-06-23', NULL),
(22, '2026-06-24', NULL),
(22, '2026-06-25', NULL),
(22, '2026-06-26', NULL),
(22, '2026-06-27', NULL),
(22, '2026-06-28', NULL),
(22, '2026-06-29', NULL),
(22, '2026-06-30', NULL),
(22, '2026-07-01', NULL),
(22, '2026-07-02', NULL),
(22, '2026-07-03', NULL),
(22, '2026-07-04', NULL),
(22, '2026-07-05', NULL),
(22, '2026-07-06', NULL),
(22, '2026-07-07', NULL),
(22, '2026-07-08', NULL),
(22, '2026-07-09', NULL),
(22, '2026-07-10', NULL),
(22, '2026-07-11', NULL),
(22, '2026-07-12', NULL),
(22, '2026-07-13', NULL),
(22, '2026-07-14', NULL),
(22, '2026-07-15', NULL),
(22, '2026-07-16', NULL),
(22, '2026-07-17', NULL),
(22, '2026-07-18', NULL),
(22, '2026-07-19', NULL),
(22, '2026-07-20', NULL),
(22, '2026-07-21', NULL),
(22, '2026-07-22', NULL),
(22, '2026-07-23', NULL),
(22, '2026-07-24', NULL),
(22, '2026-07-25', NULL),
(22, '2026-07-26', NULL),
(22, '2026-07-27', NULL),
(22, '2026-07-28', NULL),
(22, '2026-07-29', NULL),
(22, '2026-07-30', NULL),
(22, '2026-07-31', NULL),
(22, '2026-08-01', NULL),
(22, '2026-08-02', NULL),
(22, '2026-08-03', NULL),
(22, '2026-08-04', NULL),
(22, '2026-08-05', NULL),
(22, '2026-08-06', NULL),
(22, '2026-08-07', NULL),
(22, '2026-08-08', NULL),
(22, '2026-08-09', NULL),
(22, '2026-08-10', NULL),
(22, '2026-08-11', NULL),
(22, '2026-08-12', NULL),
(22, '2026-08-13', NULL),
(22, '2026-08-14', NULL),
(22, '2026-08-15', NULL),
(22, '2026-08-16', NULL),
(22, '2026-08-17', NULL),
(22, '2026-08-18', NULL),
(22, '2026-08-19', NULL),
(22, '2026-08-20', NULL),
(22, '2026-08-21', NULL),
(22, '2026-08-22', NULL),
(22, '2026-08-23', NULL),
(22, '2026-08-24', NULL),
(22, '2026-08-25', NULL),
(22, '2026-08-26', NULL),
(22, '2026-08-27', NULL),
(22, '2026-08-28', NULL),
(22, '2026-08-29', NULL),
(22, '2026-08-30', NULL),
(22, '2026-08-31', NULL),
(22, '2026-09-01', NULL),
(22, '2026-09-02', NULL),
(22, '2026-09-03', NULL),
(22, '2026-09-04', NULL),
(22, '2026-09-05', NULL),
(22, '2026-09-06', NULL),
(22, '2026-09-07', NULL),
(22, '2026-09-08', NULL),
(22, '2026-09-09', NULL),
(22, '2026-09-10', NULL),
(22, '2026-09-11', NULL),
(22, '2026-09-12', NULL),
(22, '2026-09-13', NULL),
(22, '2026-09-14', NULL),
(22, '2026-09-15', NULL),
(23, '2026-06-01', NULL),
(23, '2026-06-02', NULL),
(23, '2026-06-03', NULL),
(23, '2026-06-04', NULL),
(23, '2026-06-05', NULL),
(23, '2026-06-06', NULL),
(23, '2026-06-07', NULL),
(23, '2026-06-08', NULL),
(23, '2026-06-09', NULL),
(23, '2026-06-10', NULL),
(23, '2026-06-11', NULL),
(23, '2026-06-12', NULL),
(23, '2026-06-13', NULL),
(23, '2026-06-14', NULL),
(23, '2026-06-15', NULL),
(23, '2026-06-16', NULL),
(23, '2026-06-17', NULL),
(23, '2026-06-18', NULL),
(23, '2026-06-19', NULL),
(23, '2026-06-20', NULL),
(23, '2026-06-21', NULL),
(23, '2026-06-22', NULL),
(23, '2026-06-23', NULL),
(23, '2026-06-24', NULL),
(23, '2026-06-25', NULL),
(23, '2026-06-26', NULL),
(23, '2026-06-27', NULL),
(23, '2026-06-28', NULL),
(23, '2026-06-29', NULL),
(23, '2026-06-30', NULL),
(23, '2026-07-01', NULL),
(23, '2026-07-02', NULL),
(23, '2026-07-03', NULL),
(23, '2026-07-04', NULL),
(23, '2026-07-05', NULL),
(23, '2026-07-06', NULL),
(23, '2026-07-07', NULL),
(23, '2026-07-08', NULL),
(23, '2026-07-09', NULL),
(23, '2026-07-10', NULL),
(23, '2026-07-11', NULL),
(23, '2026-07-12', NULL),
(23, '2026-07-13', NULL),
(23, '2026-07-14', NULL),
(23, '2026-07-15', NULL),
(23, '2026-07-16', NULL),
(23, '2026-07-17', NULL),
(23, '2026-07-18', NULL),
(23, '2026-07-19', NULL),
(23, '2026-07-20', NULL),
(23, '2026-07-21', NULL),
(23, '2026-07-22', NULL),
(23, '2026-07-23', NULL),
(23, '2026-07-24', NULL),
(23, '2026-07-25', NULL),
(23, '2026-07-26', NULL),
(23, '2026-07-27', NULL),
(23, '2026-07-28', NULL),
(23, '2026-07-29', NULL),
(23, '2026-07-30', NULL),
(23, '2026-07-31', NULL),
(23, '2026-08-01', NULL),
(23, '2026-08-02', NULL),
(23, '2026-08-03', NULL),
(23, '2026-08-04', NULL),
(23, '2026-08-05', NULL),
(23, '2026-08-06', NULL),
(23, '2026-08-07', NULL),
(23, '2026-08-08', NULL),
(23, '2026-08-09', NULL),
(23, '2026-08-10', NULL),
(23, '2026-08-11', NULL),
(23, '2026-08-12', NULL),
(23, '2026-08-13', NULL),
(23, '2026-08-14', NULL),
(23, '2026-08-15', NULL),
(23, '2026-08-16', NULL),
(23, '2026-08-17', NULL),
(23, '2026-08-18', NULL),
(23, '2026-08-19', NULL),
(23, '2026-08-20', NULL),
(23, '2026-08-21', NULL),
(23, '2026-08-22', NULL),
(23, '2026-08-23', NULL),
(23, '2026-08-24', NULL),
(23, '2026-08-25', NULL),
(23, '2026-08-26', NULL),
(23, '2026-08-27', NULL),
(23, '2026-08-28', NULL),
(23, '2026-08-29', NULL),
(23, '2026-08-30', NULL),
(23, '2026-08-31', NULL),
(23, '2026-09-01', NULL),
(23, '2026-09-02', NULL),
(23, '2026-09-03', NULL),
(23, '2026-09-04', NULL),
(23, '2026-09-05', NULL),
(23, '2026-09-06', NULL),
(23, '2026-09-07', NULL),
(23, '2026-09-08', NULL),
(23, '2026-09-09', NULL),
(23, '2026-09-10', NULL),
(23, '2026-09-11', NULL),
(23, '2026-09-12', NULL),
(23, '2026-09-13', NULL),
(23, '2026-09-14', NULL),
(23, '2026-09-15', NULL),
(24, '2026-06-01', NULL),
(24, '2026-06-02', NULL),
(24, '2026-06-03', NULL),
(24, '2026-06-04', NULL),
(24, '2026-06-05', NULL),
(24, '2026-06-06', NULL),
(24, '2026-06-07', NULL),
(24, '2026-06-08', NULL),
(24, '2026-06-09', NULL),
(24, '2026-06-10', NULL),
(24, '2026-06-11', NULL),
(24, '2026-06-12', NULL),
(24, '2026-06-13', NULL),
(24, '2026-06-14', NULL),
(24, '2026-06-15', NULL),
(24, '2026-06-16', NULL),
(24, '2026-06-17', NULL),
(24, '2026-06-18', NULL),
(24, '2026-06-19', NULL),
(24, '2026-06-20', NULL),
(24, '2026-06-21', NULL),
(24, '2026-06-22', NULL),
(24, '2026-06-23', NULL),
(24, '2026-06-24', NULL),
(24, '2026-06-25', NULL),
(24, '2026-06-26', NULL),
(24, '2026-06-27', NULL),
(24, '2026-06-28', NULL),
(24, '2026-06-29', NULL),
(24, '2026-06-30', NULL),
(24, '2026-07-01', NULL),
(24, '2026-07-02', NULL),
(24, '2026-07-03', NULL),
(24, '2026-07-04', NULL),
(24, '2026-07-05', NULL),
(24, '2026-07-06', NULL),
(24, '2026-07-07', NULL),
(24, '2026-07-08', NULL),
(24, '2026-07-09', NULL),
(24, '2026-07-10', NULL),
(24, '2026-07-11', NULL),
(24, '2026-07-12', NULL),
(24, '2026-07-13', NULL),
(24, '2026-07-14', NULL),
(24, '2026-07-15', NULL),
(24, '2026-07-16', NULL),
(24, '2026-07-17', NULL),
(24, '2026-07-18', NULL),
(24, '2026-07-19', NULL),
(24, '2026-07-20', NULL),
(24, '2026-07-21', NULL),
(24, '2026-07-22', NULL),
(24, '2026-07-23', NULL),
(24, '2026-07-24', NULL),
(24, '2026-07-25', NULL),
(24, '2026-07-26', NULL),
(24, '2026-07-27', NULL),
(24, '2026-07-28', NULL),
(24, '2026-07-29', NULL),
(24, '2026-07-30', NULL),
(24, '2026-07-31', NULL),
(24, '2026-08-01', NULL),
(24, '2026-08-02', NULL),
(24, '2026-08-03', NULL),
(24, '2026-08-04', NULL),
(24, '2026-08-05', NULL),
(24, '2026-08-06', NULL),
(24, '2026-08-07', NULL),
(24, '2026-08-08', NULL),
(24, '2026-08-09', NULL),
(24, '2026-08-10', NULL),
(24, '2026-08-11', NULL),
(24, '2026-08-12', NULL),
(24, '2026-08-13', NULL),
(24, '2026-08-14', NULL),
(24, '2026-08-15', NULL),
(24, '2026-08-16', NULL),
(24, '2026-08-17', NULL),
(24, '2026-08-18', NULL),
(24, '2026-08-19', NULL),
(24, '2026-08-20', NULL),
(24, '2026-08-21', NULL),
(24, '2026-08-22', NULL),
(24, '2026-08-23', NULL),
(24, '2026-08-24', NULL),
(24, '2026-08-25', NULL),
(24, '2026-08-26', NULL),
(24, '2026-08-27', NULL),
(24, '2026-08-28', NULL),
(24, '2026-08-29', NULL),
(24, '2026-08-30', NULL),
(24, '2026-08-31', NULL),
(24, '2026-09-01', NULL),
(24, '2026-09-02', NULL),
(24, '2026-09-03', NULL),
(24, '2026-09-04', NULL),
(24, '2026-09-05', NULL),
(24, '2026-09-06', NULL),
(24, '2026-09-07', NULL),
(24, '2026-09-08', NULL),
(24, '2026-09-09', NULL),
(24, '2026-09-10', NULL),
(24, '2026-09-11', NULL),
(24, '2026-09-12', NULL),
(24, '2026-09-13', NULL),
(24, '2026-09-14', NULL),
(24, '2026-09-15', NULL),
(25, '2026-06-01', NULL),
(25, '2026-06-02', NULL),
(25, '2026-06-03', NULL),
(25, '2026-06-04', NULL),
(25, '2026-06-05', NULL),
(25, '2026-06-06', NULL),
(25, '2026-06-07', NULL),
(25, '2026-06-08', NULL),
(25, '2026-06-09', NULL),
(25, '2026-06-10', NULL),
(25, '2026-06-11', NULL),
(25, '2026-06-12', NULL),
(25, '2026-06-13', NULL),
(25, '2026-06-14', NULL),
(25, '2026-06-15', NULL),
(25, '2026-06-16', NULL),
(25, '2026-06-17', NULL),
(25, '2026-06-18', NULL),
(25, '2026-06-19', NULL),
(25, '2026-06-20', NULL),
(25, '2026-06-21', NULL),
(25, '2026-06-22', NULL),
(25, '2026-06-23', NULL),
(25, '2026-06-24', NULL),
(25, '2026-06-25', NULL),
(25, '2026-06-26', NULL),
(25, '2026-06-27', NULL),
(25, '2026-06-28', NULL),
(25, '2026-06-29', NULL),
(25, '2026-06-30', NULL),
(25, '2026-07-01', NULL),
(25, '2026-07-02', NULL),
(25, '2026-07-03', NULL),
(25, '2026-07-04', NULL),
(25, '2026-07-05', NULL),
(25, '2026-07-06', NULL),
(25, '2026-07-07', NULL),
(25, '2026-07-08', NULL),
(25, '2026-07-09', NULL),
(25, '2026-07-10', NULL),
(25, '2026-07-11', NULL),
(25, '2026-07-12', NULL),
(25, '2026-07-13', NULL),
(25, '2026-07-14', NULL),
(25, '2026-07-15', NULL),
(25, '2026-07-16', NULL),
(25, '2026-07-17', NULL),
(25, '2026-07-18', NULL),
(25, '2026-07-19', NULL),
(25, '2026-07-20', NULL),
(25, '2026-07-21', NULL),
(25, '2026-07-22', NULL),
(25, '2026-07-23', NULL),
(25, '2026-07-24', NULL),
(25, '2026-07-25', NULL),
(25, '2026-07-26', NULL),
(25, '2026-07-27', NULL),
(25, '2026-07-28', NULL),
(25, '2026-07-29', NULL),
(25, '2026-07-30', NULL),
(25, '2026-07-31', NULL),
(25, '2026-08-01', NULL),
(25, '2026-08-02', NULL),
(25, '2026-08-03', NULL),
(25, '2026-08-04', NULL),
(25, '2026-08-05', NULL),
(25, '2026-08-06', NULL),
(25, '2026-08-07', NULL),
(25, '2026-08-08', NULL),
(25, '2026-08-09', NULL),
(25, '2026-08-10', NULL),
(25, '2026-08-11', NULL),
(25, '2026-08-12', NULL),
(25, '2026-08-13', NULL),
(25, '2026-08-14', NULL),
(25, '2026-08-15', NULL),
(25, '2026-08-16', NULL),
(25, '2026-08-17', NULL),
(25, '2026-08-18', NULL),
(25, '2026-08-19', NULL),
(25, '2026-08-20', NULL),
(25, '2026-08-21', NULL),
(25, '2026-08-22', NULL),
(25, '2026-08-23', NULL),
(25, '2026-08-24', NULL),
(25, '2026-08-25', NULL),
(25, '2026-08-26', NULL),
(25, '2026-08-27', NULL),
(25, '2026-08-28', NULL),
(25, '2026-08-29', NULL),
(25, '2026-08-30', NULL),
(25, '2026-08-31', NULL),
(25, '2026-09-01', NULL),
(25, '2026-09-02', NULL),
(25, '2026-09-03', NULL),
(25, '2026-09-04', NULL),
(25, '2026-09-05', NULL),
(25, '2026-09-06', NULL),
(25, '2026-09-07', NULL),
(25, '2026-09-08', NULL),
(25, '2026-09-09', NULL),
(25, '2026-09-10', NULL),
(25, '2026-09-11', NULL),
(25, '2026-09-12', NULL),
(25, '2026-09-13', NULL),
(25, '2026-09-14', NULL),
(25, '2026-09-15', NULL),
(26, '2026-06-01', NULL),
(26, '2026-06-02', NULL),
(26, '2026-06-03', NULL),
(26, '2026-06-04', NULL),
(26, '2026-06-05', NULL),
(26, '2026-06-06', NULL),
(26, '2026-06-07', NULL),
(26, '2026-06-08', NULL),
(26, '2026-06-09', NULL),
(26, '2026-06-10', NULL),
(26, '2026-06-11', NULL),
(26, '2026-06-12', NULL),
(26, '2026-06-13', NULL),
(26, '2026-06-14', NULL),
(26, '2026-06-15', NULL),
(26, '2026-06-16', NULL),
(26, '2026-06-17', NULL),
(26, '2026-06-18', NULL),
(26, '2026-06-19', NULL),
(26, '2026-06-20', NULL),
(26, '2026-06-21', NULL),
(26, '2026-06-22', NULL),
(26, '2026-06-23', NULL),
(26, '2026-06-24', NULL),
(26, '2026-06-25', NULL),
(26, '2026-06-26', NULL),
(26, '2026-06-27', NULL),
(26, '2026-06-28', NULL),
(26, '2026-06-29', NULL),
(26, '2026-06-30', NULL),
(26, '2026-07-01', NULL),
(26, '2026-07-02', NULL),
(26, '2026-07-03', NULL),
(26, '2026-07-04', NULL),
(26, '2026-07-05', NULL),
(26, '2026-07-06', NULL),
(26, '2026-07-07', NULL),
(26, '2026-07-08', NULL),
(26, '2026-07-09', NULL),
(26, '2026-07-10', NULL),
(26, '2026-07-11', NULL),
(26, '2026-07-12', NULL),
(26, '2026-07-13', NULL),
(26, '2026-07-14', NULL),
(26, '2026-07-15', NULL),
(26, '2026-07-16', NULL),
(26, '2026-07-17', NULL),
(26, '2026-07-18', NULL),
(26, '2026-07-19', NULL),
(26, '2026-07-20', NULL),
(26, '2026-07-21', NULL),
(26, '2026-07-22', NULL),
(26, '2026-07-23', NULL),
(26, '2026-07-24', NULL),
(26, '2026-07-25', NULL),
(26, '2026-07-26', NULL),
(26, '2026-07-27', NULL),
(26, '2026-07-28', NULL),
(26, '2026-07-29', NULL),
(26, '2026-07-30', NULL),
(26, '2026-07-31', NULL),
(26, '2026-08-01', NULL),
(26, '2026-08-02', NULL),
(26, '2026-08-03', NULL),
(26, '2026-08-04', NULL),
(26, '2026-08-05', NULL),
(26, '2026-08-06', NULL),
(26, '2026-08-07', NULL),
(26, '2026-08-08', NULL),
(26, '2026-08-09', NULL),
(26, '2026-08-10', NULL),
(26, '2026-08-11', NULL),
(26, '2026-08-12', NULL),
(26, '2026-08-13', NULL),
(26, '2026-08-14', NULL),
(26, '2026-08-15', NULL),
(26, '2026-08-16', NULL),
(26, '2026-08-17', NULL),
(26, '2026-08-18', NULL),
(26, '2026-08-19', NULL),
(26, '2026-08-20', NULL),
(26, '2026-08-21', NULL),
(26, '2026-08-22', NULL),
(26, '2026-08-23', NULL),
(26, '2026-08-24', NULL),
(26, '2026-08-25', NULL),
(26, '2026-08-26', NULL),
(26, '2026-08-27', NULL),
(26, '2026-08-28', NULL),
(26, '2026-08-29', NULL),
(26, '2026-08-30', NULL),
(26, '2026-08-31', NULL),
(26, '2026-09-01', NULL),
(26, '2026-09-02', NULL),
(26, '2026-09-03', NULL),
(26, '2026-09-04', NULL),
(26, '2026-09-05', NULL),
(26, '2026-09-06', NULL),
(26, '2026-09-07', NULL),
(26, '2026-09-08', NULL),
(26, '2026-09-09', NULL),
(26, '2026-09-10', NULL),
(26, '2026-09-11', NULL),
(26, '2026-09-12', NULL),
(26, '2026-09-13', NULL),
(26, '2026-09-14', NULL),
(26, '2026-09-15', NULL),
(27, '2026-06-01', NULL),
(27, '2026-06-02', NULL),
(27, '2026-06-03', NULL),
(27, '2026-06-04', NULL),
(27, '2026-06-05', NULL),
(27, '2026-06-06', NULL),
(27, '2026-06-07', NULL),
(27, '2026-06-08', NULL),
(27, '2026-06-09', NULL),
(27, '2026-06-10', NULL),
(27, '2026-06-11', NULL),
(27, '2026-06-12', NULL),
(27, '2026-06-13', NULL),
(27, '2026-06-14', NULL),
(27, '2026-06-15', NULL),
(27, '2026-06-16', NULL),
(27, '2026-06-17', NULL),
(27, '2026-06-18', NULL),
(27, '2026-06-19', NULL),
(27, '2026-06-20', NULL),
(27, '2026-06-21', NULL),
(27, '2026-06-22', NULL),
(27, '2026-06-23', NULL),
(27, '2026-06-24', NULL),
(27, '2026-06-25', NULL),
(27, '2026-06-26', NULL),
(27, '2026-06-27', NULL),
(27, '2026-06-28', NULL),
(27, '2026-06-29', NULL),
(27, '2026-06-30', NULL),
(27, '2026-07-01', NULL),
(27, '2026-07-02', NULL),
(27, '2026-07-03', NULL),
(27, '2026-07-04', NULL),
(27, '2026-07-05', NULL),
(27, '2026-07-06', NULL),
(27, '2026-07-07', NULL),
(27, '2026-07-08', NULL),
(27, '2026-07-09', NULL),
(27, '2026-07-10', NULL),
(27, '2026-07-11', NULL),
(27, '2026-07-12', NULL),
(27, '2026-07-13', NULL),
(27, '2026-07-14', NULL),
(27, '2026-07-15', NULL),
(27, '2026-07-16', NULL),
(27, '2026-07-17', NULL),
(27, '2026-07-18', NULL),
(27, '2026-07-19', NULL),
(27, '2026-07-20', NULL),
(27, '2026-07-21', NULL),
(27, '2026-07-22', NULL),
(27, '2026-07-23', NULL),
(27, '2026-07-24', NULL),
(27, '2026-07-25', NULL),
(27, '2026-07-26', NULL),
(27, '2026-07-27', NULL),
(27, '2026-07-28', NULL),
(27, '2026-07-29', NULL),
(27, '2026-07-30', NULL),
(27, '2026-07-31', NULL),
(27, '2026-08-01', NULL),
(27, '2026-08-02', NULL),
(27, '2026-08-03', NULL),
(27, '2026-08-04', NULL),
(27, '2026-08-05', NULL),
(27, '2026-08-06', NULL),
(27, '2026-08-07', NULL),
(27, '2026-08-08', NULL),
(27, '2026-08-09', NULL),
(27, '2026-08-10', NULL),
(27, '2026-08-11', NULL),
(27, '2026-08-12', NULL),
(27, '2026-08-13', NULL),
(27, '2026-08-14', NULL),
(27, '2026-08-15', NULL),
(27, '2026-08-16', NULL),
(27, '2026-08-17', NULL),
(27, '2026-08-18', NULL),
(27, '2026-08-19', NULL),
(27, '2026-08-20', NULL),
(27, '2026-08-21', NULL),
(27, '2026-08-22', NULL),
(27, '2026-08-23', NULL),
(27, '2026-08-24', NULL),
(27, '2026-08-25', NULL),
(27, '2026-08-26', NULL),
(27, '2026-08-27', NULL),
(27, '2026-08-28', NULL),
(27, '2026-08-29', NULL),
(27, '2026-08-30', NULL),
(27, '2026-08-31', NULL),
(27, '2026-09-01', NULL),
(27, '2026-09-02', NULL),
(27, '2026-09-03', NULL),
(27, '2026-09-04', NULL),
(27, '2026-09-05', NULL),
(27, '2026-09-06', NULL),
(27, '2026-09-07', NULL),
(27, '2026-09-08', NULL),
(27, '2026-09-09', NULL),
(27, '2026-09-10', NULL),
(27, '2026-09-11', NULL),
(27, '2026-09-12', NULL),
(27, '2026-09-13', NULL),
(27, '2026-09-14', NULL),
(27, '2026-09-15', NULL),
(28, '2026-06-01', NULL),
(28, '2026-06-02', NULL),
(28, '2026-06-03', NULL),
(28, '2026-06-04', NULL),
(28, '2026-06-05', NULL),
(28, '2026-06-06', NULL),
(28, '2026-06-07', NULL),
(28, '2026-06-08', NULL),
(28, '2026-06-09', NULL),
(28, '2026-06-10', NULL),
(28, '2026-06-11', NULL),
(28, '2026-06-12', NULL),
(28, '2026-06-13', NULL),
(28, '2026-06-14', NULL),
(28, '2026-06-15', NULL),
(28, '2026-06-16', NULL),
(28, '2026-06-17', NULL),
(28, '2026-06-18', NULL),
(28, '2026-06-19', NULL),
(28, '2026-06-20', NULL),
(28, '2026-06-21', NULL),
(28, '2026-06-22', NULL),
(28, '2026-06-23', NULL),
(28, '2026-06-24', NULL),
(28, '2026-06-25', NULL),
(28, '2026-06-26', NULL),
(28, '2026-06-27', NULL),
(28, '2026-06-28', NULL),
(28, '2026-06-29', NULL),
(28, '2026-06-30', NULL),
(28, '2026-07-01', NULL),
(28, '2026-07-02', NULL),
(28, '2026-07-03', NULL),
(28, '2026-07-04', NULL),
(28, '2026-07-05', NULL),
(28, '2026-07-06', NULL),
(28, '2026-07-07', NULL),
(28, '2026-07-08', NULL),
(28, '2026-07-09', NULL),
(28, '2026-07-10', NULL),
(28, '2026-07-11', NULL),
(28, '2026-07-12', NULL),
(28, '2026-07-13', NULL),
(28, '2026-07-14', NULL),
(28, '2026-07-15', NULL),
(28, '2026-07-16', NULL),
(28, '2026-07-17', NULL),
(28, '2026-07-18', NULL),
(28, '2026-07-19', NULL),
(28, '2026-07-20', NULL),
(28, '2026-07-21', NULL),
(28, '2026-07-22', NULL),
(28, '2026-07-23', NULL),
(28, '2026-07-24', NULL),
(28, '2026-07-25', NULL),
(28, '2026-07-26', NULL),
(28, '2026-07-27', NULL),
(28, '2026-07-28', NULL),
(28, '2026-07-29', NULL),
(28, '2026-07-30', NULL),
(28, '2026-07-31', NULL),
(28, '2026-08-01', NULL),
(28, '2026-08-02', NULL),
(28, '2026-08-03', NULL),
(28, '2026-08-04', NULL),
(28, '2026-08-05', NULL),
(28, '2026-08-06', NULL),
(28, '2026-08-07', NULL),
(28, '2026-08-08', NULL),
(28, '2026-08-09', NULL),
(28, '2026-08-10', NULL),
(28, '2026-08-11', NULL),
(28, '2026-08-12', NULL),
(28, '2026-08-13', NULL),
(28, '2026-08-14', NULL),
(28, '2026-08-15', NULL),
(28, '2026-08-16', NULL),
(28, '2026-08-17', NULL),
(28, '2026-08-18', NULL),
(28, '2026-08-19', NULL),
(28, '2026-08-20', NULL),
(28, '2026-08-21', NULL),
(28, '2026-08-22', NULL),
(28, '2026-08-23', NULL),
(28, '2026-08-24', NULL),
(28, '2026-08-25', NULL),
(28, '2026-08-26', NULL),
(28, '2026-08-27', NULL),
(28, '2026-08-28', NULL),
(28, '2026-08-29', NULL),
(28, '2026-08-30', NULL),
(28, '2026-08-31', NULL),
(28, '2026-09-01', NULL),
(28, '2026-09-02', NULL),
(28, '2026-09-03', NULL),
(28, '2026-09-04', NULL),
(28, '2026-09-05', NULL),
(28, '2026-09-06', NULL),
(28, '2026-09-07', NULL),
(28, '2026-09-08', NULL),
(28, '2026-09-09', NULL),
(28, '2026-09-10', NULL),
(28, '2026-09-11', NULL),
(28, '2026-09-12', NULL),
(28, '2026-09-13', NULL),
(28, '2026-09-14', NULL),
(28, '2026-09-15', NULL),
(29, '2026-06-01', NULL),
(29, '2026-06-02', NULL),
(29, '2026-06-03', NULL),
(29, '2026-06-04', NULL),
(29, '2026-06-05', NULL),
(29, '2026-06-06', NULL),
(29, '2026-06-07', NULL),
(29, '2026-06-08', NULL),
(29, '2026-06-09', NULL),
(29, '2026-06-10', NULL),
(29, '2026-06-11', NULL),
(29, '2026-06-12', NULL),
(29, '2026-06-13', NULL),
(29, '2026-06-14', NULL),
(29, '2026-06-15', NULL),
(29, '2026-06-16', NULL),
(29, '2026-06-17', NULL),
(29, '2026-06-18', NULL),
(29, '2026-06-19', NULL),
(29, '2026-06-20', NULL),
(29, '2026-06-21', NULL),
(29, '2026-06-22', NULL),
(29, '2026-06-23', NULL),
(29, '2026-06-24', NULL),
(29, '2026-06-25', NULL),
(29, '2026-06-26', NULL),
(29, '2026-06-27', NULL),
(29, '2026-06-28', NULL),
(29, '2026-06-29', NULL),
(29, '2026-06-30', NULL),
(29, '2026-07-01', NULL),
(29, '2026-07-02', NULL),
(29, '2026-07-03', NULL),
(29, '2026-07-04', NULL),
(29, '2026-07-05', NULL),
(29, '2026-07-06', NULL),
(29, '2026-07-07', NULL),
(29, '2026-07-08', NULL),
(29, '2026-07-09', NULL),
(29, '2026-07-10', NULL),
(29, '2026-07-11', NULL),
(29, '2026-07-12', NULL),
(29, '2026-07-13', NULL),
(29, '2026-07-14', NULL),
(29, '2026-07-15', NULL),
(29, '2026-07-16', NULL),
(29, '2026-07-17', NULL),
(29, '2026-07-18', NULL),
(29, '2026-07-19', NULL),
(29, '2026-07-20', NULL),
(29, '2026-07-21', NULL),
(29, '2026-07-22', NULL),
(29, '2026-07-23', NULL),
(29, '2026-07-24', NULL),
(29, '2026-07-25', NULL),
(29, '2026-07-26', NULL),
(29, '2026-07-27', NULL),
(29, '2026-07-28', NULL),
(29, '2026-07-29', NULL),
(29, '2026-07-30', NULL),
(29, '2026-07-31', NULL),
(29, '2026-08-01', NULL),
(29, '2026-08-02', NULL),
(29, '2026-08-03', NULL),
(29, '2026-08-04', NULL),
(29, '2026-08-05', NULL),
(29, '2026-08-06', NULL),
(29, '2026-08-07', NULL),
(29, '2026-08-08', NULL),
(29, '2026-08-09', NULL),
(29, '2026-08-10', NULL),
(29, '2026-08-11', NULL),
(29, '2026-08-12', NULL),
(29, '2026-08-13', NULL),
(29, '2026-08-14', NULL),
(29, '2026-08-15', NULL),
(29, '2026-08-16', NULL),
(29, '2026-08-17', NULL),
(29, '2026-08-18', NULL),
(29, '2026-08-19', NULL),
(29, '2026-08-20', NULL),
(29, '2026-08-21', NULL),
(29, '2026-08-22', NULL),
(29, '2026-08-23', NULL),
(29, '2026-08-24', NULL),
(29, '2026-08-25', NULL),
(29, '2026-08-26', NULL),
(29, '2026-08-27', NULL),
(29, '2026-08-28', NULL),
(29, '2026-08-29', NULL),
(29, '2026-08-30', NULL),
(29, '2026-08-31', NULL),
(29, '2026-09-01', NULL),
(29, '2026-09-02', NULL),
(29, '2026-09-03', NULL),
(29, '2026-09-04', NULL),
(29, '2026-09-05', NULL),
(29, '2026-09-06', NULL),
(29, '2026-09-07', NULL),
(29, '2026-09-08', NULL),
(29, '2026-09-09', NULL),
(29, '2026-09-10', NULL),
(29, '2026-09-11', NULL),
(29, '2026-09-12', NULL),
(29, '2026-09-13', NULL),
(29, '2026-09-14', NULL),
(29, '2026-09-15', NULL),
(30, '2026-06-01', NULL),
(30, '2026-06-02', NULL),
(30, '2026-06-03', NULL),
(30, '2026-06-04', NULL),
(30, '2026-06-05', NULL),
(30, '2026-06-06', NULL),
(30, '2026-06-07', NULL),
(30, '2026-06-08', NULL),
(30, '2026-06-09', NULL),
(30, '2026-06-10', NULL),
(30, '2026-06-11', NULL),
(30, '2026-06-12', NULL),
(30, '2026-06-13', NULL),
(30, '2026-06-14', NULL),
(30, '2026-06-15', NULL),
(30, '2026-06-16', NULL),
(30, '2026-06-17', NULL),
(30, '2026-06-18', NULL),
(30, '2026-06-19', NULL),
(30, '2026-06-20', NULL),
(30, '2026-06-21', NULL),
(30, '2026-06-22', NULL),
(30, '2026-06-23', NULL),
(30, '2026-06-24', NULL),
(30, '2026-06-25', NULL),
(30, '2026-06-26', NULL),
(30, '2026-06-27', NULL),
(30, '2026-06-28', NULL),
(30, '2026-06-29', NULL),
(30, '2026-06-30', NULL),
(30, '2026-07-01', NULL),
(30, '2026-07-02', NULL),
(30, '2026-07-03', NULL),
(30, '2026-07-04', NULL),
(30, '2026-07-05', NULL),
(30, '2026-07-06', NULL),
(30, '2026-07-07', NULL),
(30, '2026-07-08', NULL),
(30, '2026-07-09', NULL),
(30, '2026-07-10', NULL),
(30, '2026-07-11', NULL),
(30, '2026-07-12', NULL),
(30, '2026-07-13', NULL),
(30, '2026-07-14', NULL),
(30, '2026-07-15', NULL),
(30, '2026-07-16', NULL),
(30, '2026-07-17', NULL),
(30, '2026-07-18', NULL),
(30, '2026-07-19', NULL),
(30, '2026-07-20', NULL),
(30, '2026-07-21', NULL),
(30, '2026-07-22', NULL),
(30, '2026-07-23', NULL),
(30, '2026-07-24', NULL),
(30, '2026-07-25', NULL),
(30, '2026-07-26', NULL),
(30, '2026-07-27', NULL),
(30, '2026-07-28', NULL),
(30, '2026-07-29', NULL),
(30, '2026-07-30', NULL),
(30, '2026-07-31', NULL),
(30, '2026-08-01', NULL),
(30, '2026-08-02', NULL),
(30, '2026-08-03', NULL),
(30, '2026-08-04', NULL),
(30, '2026-08-05', NULL),
(30, '2026-08-06', NULL),
(30, '2026-08-07', NULL),
(30, '2026-08-08', NULL),
(30, '2026-08-09', NULL),
(30, '2026-08-10', NULL),
(30, '2026-08-11', NULL),
(30, '2026-08-12', NULL),
(30, '2026-08-13', NULL),
(30, '2026-08-14', NULL),
(30, '2026-08-15', NULL),
(30, '2026-08-16', NULL),
(30, '2026-08-17', NULL),
(30, '2026-08-18', NULL),
(30, '2026-08-19', NULL),
(30, '2026-08-20', NULL),
(30, '2026-08-21', NULL),
(30, '2026-08-22', NULL),
(30, '2026-08-23', NULL),
(30, '2026-08-24', NULL),
(30, '2026-08-25', NULL),
(30, '2026-08-26', NULL),
(30, '2026-08-27', NULL),
(30, '2026-08-28', NULL),
(30, '2026-08-29', NULL),
(30, '2026-08-30', NULL),
(30, '2026-08-31', NULL),
(30, '2026-09-01', NULL),
(30, '2026-09-02', NULL),
(30, '2026-09-03', NULL),
(30, '2026-09-04', NULL),
(30, '2026-09-05', NULL),
(30, '2026-09-06', NULL),
(30, '2026-09-07', NULL),
(30, '2026-09-08', NULL),
(30, '2026-09-09', NULL),
(30, '2026-09-10', NULL),
(30, '2026-09-11', NULL),
(30, '2026-09-12', NULL),
(30, '2026-09-13', NULL),
(30, '2026-09-14', NULL),
(30, '2026-09-15', NULL),
(31, '2026-06-01', NULL),
(31, '2026-06-02', NULL),
(31, '2026-06-03', NULL),
(31, '2026-06-04', NULL),
(31, '2026-06-05', NULL),
(31, '2026-06-06', NULL),
(31, '2026-06-07', NULL),
(31, '2026-06-08', NULL),
(31, '2026-06-09', NULL),
(31, '2026-06-10', NULL),
(31, '2026-06-11', NULL),
(31, '2026-06-12', NULL),
(31, '2026-06-13', NULL),
(31, '2026-06-14', NULL),
(31, '2026-06-15', NULL),
(31, '2026-06-16', NULL),
(31, '2026-06-17', NULL),
(31, '2026-06-18', NULL),
(31, '2026-06-19', NULL),
(31, '2026-06-20', NULL),
(31, '2026-06-21', NULL),
(31, '2026-06-22', NULL),
(31, '2026-06-23', NULL),
(31, '2026-06-24', NULL),
(31, '2026-06-25', NULL),
(31, '2026-06-26', NULL),
(31, '2026-06-27', NULL),
(31, '2026-06-28', NULL),
(31, '2026-06-29', NULL),
(31, '2026-06-30', NULL),
(31, '2026-07-01', NULL),
(31, '2026-07-02', NULL),
(31, '2026-07-03', NULL),
(31, '2026-07-04', NULL),
(31, '2026-07-05', NULL),
(31, '2026-07-06', NULL),
(31, '2026-07-07', NULL),
(31, '2026-07-08', NULL),
(31, '2026-07-09', NULL),
(31, '2026-07-10', NULL),
(31, '2026-07-11', NULL),
(31, '2026-07-12', NULL),
(31, '2026-07-13', NULL),
(31, '2026-07-14', NULL),
(31, '2026-07-15', NULL),
(31, '2026-07-16', NULL),
(31, '2026-07-17', NULL),
(31, '2026-07-18', NULL),
(31, '2026-07-19', NULL),
(31, '2026-07-20', NULL),
(31, '2026-07-21', NULL),
(31, '2026-07-22', NULL),
(31, '2026-07-23', NULL),
(31, '2026-07-24', NULL),
(31, '2026-07-25', NULL),
(31, '2026-07-26', NULL),
(31, '2026-07-27', NULL),
(31, '2026-07-28', NULL),
(31, '2026-07-29', NULL),
(31, '2026-07-30', NULL),
(31, '2026-07-31', NULL),
(31, '2026-08-01', NULL),
(31, '2026-08-02', NULL),
(31, '2026-08-03', NULL),
(31, '2026-08-04', NULL),
(31, '2026-08-05', NULL),
(31, '2026-08-06', NULL),
(31, '2026-08-07', NULL),
(31, '2026-08-08', NULL),
(31, '2026-08-09', NULL),
(31, '2026-08-10', NULL),
(31, '2026-08-11', NULL),
(31, '2026-08-12', NULL),
(31, '2026-08-13', NULL),
(31, '2026-08-14', NULL),
(31, '2026-08-15', NULL),
(31, '2026-08-16', NULL),
(31, '2026-08-17', NULL),
(31, '2026-08-18', NULL),
(31, '2026-08-19', NULL),
(31, '2026-08-20', NULL),
(31, '2026-08-21', NULL),
(31, '2026-08-22', NULL),
(31, '2026-08-23', NULL),
(31, '2026-08-24', NULL),
(31, '2026-08-25', NULL),
(31, '2026-08-26', NULL),
(31, '2026-08-27', NULL),
(31, '2026-08-28', NULL),
(31, '2026-08-29', NULL),
(31, '2026-08-30', NULL),
(31, '2026-08-31', NULL),
(31, '2026-09-01', NULL),
(31, '2026-09-02', NULL),
(31, '2026-09-03', NULL),
(31, '2026-09-04', NULL),
(31, '2026-09-05', NULL),
(31, '2026-09-06', NULL),
(31, '2026-09-07', NULL),
(31, '2026-09-08', NULL),
(31, '2026-09-09', NULL),
(31, '2026-09-10', NULL),
(31, '2026-09-11', NULL),
(31, '2026-09-12', NULL),
(31, '2026-09-13', NULL),
(31, '2026-09-14', NULL),
(31, '2026-09-15', NULL),
(32, '2026-06-01', NULL),
(32, '2026-06-02', NULL),
(32, '2026-06-03', NULL),
(32, '2026-06-04', NULL),
(32, '2026-06-05', NULL),
(32, '2026-06-06', NULL),
(32, '2026-06-07', NULL),
(32, '2026-06-08', NULL),
(32, '2026-06-09', NULL),
(32, '2026-06-10', NULL),
(32, '2026-06-11', NULL),
(32, '2026-06-12', NULL),
(32, '2026-06-13', NULL),
(32, '2026-06-14', NULL),
(32, '2026-06-15', NULL),
(32, '2026-06-16', NULL),
(32, '2026-06-17', NULL),
(32, '2026-06-18', NULL),
(32, '2026-06-19', NULL),
(32, '2026-06-20', NULL),
(32, '2026-06-21', NULL),
(32, '2026-06-22', NULL),
(32, '2026-06-23', NULL),
(32, '2026-06-24', NULL),
(32, '2026-06-25', NULL),
(32, '2026-06-26', NULL),
(32, '2026-06-27', NULL),
(32, '2026-06-28', NULL),
(32, '2026-06-29', NULL),
(32, '2026-06-30', NULL),
(32, '2026-07-01', NULL),
(32, '2026-07-02', NULL),
(32, '2026-07-03', NULL),
(32, '2026-07-04', NULL),
(32, '2026-07-05', NULL),
(32, '2026-07-06', NULL),
(32, '2026-07-07', NULL),
(32, '2026-07-08', NULL),
(32, '2026-07-09', NULL),
(32, '2026-07-10', NULL),
(32, '2026-07-11', NULL),
(32, '2026-07-12', NULL),
(32, '2026-07-13', NULL),
(32, '2026-07-14', NULL),
(32, '2026-07-15', NULL),
(32, '2026-07-16', NULL),
(32, '2026-07-17', NULL),
(32, '2026-07-18', NULL),
(32, '2026-07-19', NULL),
(32, '2026-07-20', NULL),
(32, '2026-07-21', NULL),
(32, '2026-07-22', NULL),
(32, '2026-07-23', NULL),
(32, '2026-07-24', NULL),
(32, '2026-07-25', NULL),
(32, '2026-07-26', NULL),
(32, '2026-07-27', NULL),
(32, '2026-07-28', NULL),
(32, '2026-07-29', NULL),
(32, '2026-07-30', NULL),
(32, '2026-07-31', NULL),
(32, '2026-08-01', NULL),
(32, '2026-08-02', NULL),
(32, '2026-08-03', NULL),
(32, '2026-08-04', NULL),
(32, '2026-08-05', NULL),
(32, '2026-08-06', NULL),
(32, '2026-08-07', NULL),
(32, '2026-08-08', NULL),
(32, '2026-08-09', NULL),
(32, '2026-08-10', NULL),
(32, '2026-08-11', NULL),
(32, '2026-08-12', NULL),
(32, '2026-08-13', NULL),
(32, '2026-08-14', NULL),
(32, '2026-08-15', NULL),
(32, '2026-08-16', NULL),
(32, '2026-08-17', NULL),
(32, '2026-08-18', NULL),
(32, '2026-08-19', NULL),
(32, '2026-08-20', NULL),
(32, '2026-08-21', NULL),
(32, '2026-08-22', NULL),
(32, '2026-08-23', NULL),
(32, '2026-08-24', NULL),
(32, '2026-08-25', NULL),
(32, '2026-08-26', NULL),
(32, '2026-08-27', NULL),
(32, '2026-08-28', NULL),
(32, '2026-08-29', NULL),
(32, '2026-08-30', NULL),
(32, '2026-08-31', NULL),
(32, '2026-09-01', NULL),
(32, '2026-09-02', NULL),
(32, '2026-09-03', NULL),
(32, '2026-09-04', NULL),
(32, '2026-09-05', NULL),
(32, '2026-09-06', NULL),
(32, '2026-09-07', NULL),
(32, '2026-09-08', NULL),
(32, '2026-09-09', NULL),
(32, '2026-09-10', NULL),
(32, '2026-09-11', NULL),
(32, '2026-09-12', NULL),
(32, '2026-09-13', NULL),
(32, '2026-09-14', NULL),
(32, '2026-09-15', NULL),
(33, '2026-06-01', NULL),
(33, '2026-06-02', NULL),
(33, '2026-06-03', NULL),
(33, '2026-06-04', NULL),
(33, '2026-06-05', NULL),
(33, '2026-06-06', NULL),
(33, '2026-06-07', NULL),
(33, '2026-06-08', NULL),
(33, '2026-06-09', NULL),
(33, '2026-06-10', NULL),
(33, '2026-06-11', NULL),
(33, '2026-06-12', NULL),
(33, '2026-06-13', NULL),
(33, '2026-06-14', NULL),
(33, '2026-06-15', NULL),
(33, '2026-06-16', NULL),
(33, '2026-06-17', NULL),
(33, '2026-06-18', NULL),
(33, '2026-06-19', NULL),
(33, '2026-06-20', NULL),
(33, '2026-06-21', NULL),
(33, '2026-06-22', NULL),
(33, '2026-06-23', NULL),
(33, '2026-06-24', NULL),
(33, '2026-06-25', NULL),
(33, '2026-06-26', NULL),
(33, '2026-06-27', NULL),
(33, '2026-06-28', NULL),
(33, '2026-06-29', NULL),
(33, '2026-06-30', NULL),
(33, '2026-07-01', NULL),
(33, '2026-07-02', NULL),
(33, '2026-07-03', NULL),
(33, '2026-07-04', NULL),
(33, '2026-07-05', NULL),
(33, '2026-07-06', NULL),
(33, '2026-07-07', NULL),
(33, '2026-07-08', NULL),
(33, '2026-07-09', NULL),
(33, '2026-07-10', NULL),
(33, '2026-07-11', NULL),
(33, '2026-07-12', NULL),
(33, '2026-07-13', NULL),
(33, '2026-07-14', NULL),
(33, '2026-07-15', NULL),
(33, '2026-07-16', NULL),
(33, '2026-07-17', NULL),
(33, '2026-07-18', NULL),
(33, '2026-07-19', NULL),
(33, '2026-07-20', NULL),
(33, '2026-07-21', NULL),
(33, '2026-07-22', NULL),
(33, '2026-07-23', NULL),
(33, '2026-07-24', NULL),
(33, '2026-07-25', NULL),
(33, '2026-07-26', NULL),
(33, '2026-07-27', NULL),
(33, '2026-07-28', NULL),
(33, '2026-07-29', NULL),
(33, '2026-07-30', NULL),
(33, '2026-07-31', NULL),
(33, '2026-08-01', NULL),
(33, '2026-08-02', NULL),
(33, '2026-08-03', NULL),
(33, '2026-08-04', NULL),
(33, '2026-08-05', NULL),
(33, '2026-08-06', NULL),
(33, '2026-08-07', NULL),
(33, '2026-08-08', NULL),
(33, '2026-08-09', NULL),
(33, '2026-08-10', NULL),
(33, '2026-08-11', NULL),
(33, '2026-08-12', NULL),
(33, '2026-08-13', NULL),
(33, '2026-08-14', NULL),
(33, '2026-08-15', NULL),
(33, '2026-08-16', NULL),
(33, '2026-08-17', NULL),
(33, '2026-08-18', NULL),
(33, '2026-08-19', NULL),
(33, '2026-08-20', NULL),
(33, '2026-08-21', NULL),
(33, '2026-08-22', NULL),
(33, '2026-08-23', NULL),
(33, '2026-08-24', NULL),
(33, '2026-08-25', NULL),
(33, '2026-08-26', NULL),
(33, '2026-08-27', NULL),
(33, '2026-08-28', NULL),
(33, '2026-08-29', NULL),
(33, '2026-08-30', NULL),
(33, '2026-08-31', NULL),
(33, '2026-09-01', NULL),
(33, '2026-09-02', NULL),
(33, '2026-09-03', NULL),
(33, '2026-09-04', NULL),
(33, '2026-09-05', NULL),
(33, '2026-09-06', NULL),
(33, '2026-09-07', NULL),
(33, '2026-09-08', NULL),
(33, '2026-09-09', NULL),
(33, '2026-09-10', NULL),
(33, '2026-09-11', NULL),
(33, '2026-09-12', NULL),
(33, '2026-09-13', NULL),
(33, '2026-09-14', NULL),
(33, '2026-09-15', NULL),
(34, '2026-06-01', NULL),
(34, '2026-06-02', NULL),
(34, '2026-06-03', NULL),
(34, '2026-06-04', NULL),
(34, '2026-06-05', NULL),
(34, '2026-06-06', NULL),
(34, '2026-06-07', NULL),
(34, '2026-06-08', NULL),
(34, '2026-06-09', NULL),
(34, '2026-06-10', NULL),
(34, '2026-06-11', NULL),
(34, '2026-06-12', NULL),
(34, '2026-06-13', NULL),
(34, '2026-06-14', NULL),
(34, '2026-06-15', NULL),
(34, '2026-06-16', NULL),
(34, '2026-06-17', NULL),
(34, '2026-06-18', NULL),
(34, '2026-06-19', NULL),
(34, '2026-06-20', NULL),
(34, '2026-06-21', NULL),
(34, '2026-06-22', NULL),
(34, '2026-06-23', NULL),
(34, '2026-06-24', NULL),
(34, '2026-06-25', NULL),
(34, '2026-06-26', NULL),
(34, '2026-06-27', NULL),
(34, '2026-06-28', NULL),
(34, '2026-06-29', NULL),
(34, '2026-06-30', NULL),
(34, '2026-07-01', NULL),
(34, '2026-07-02', NULL),
(34, '2026-07-03', NULL),
(34, '2026-07-04', NULL),
(34, '2026-07-05', NULL),
(34, '2026-07-06', NULL),
(34, '2026-07-07', NULL),
(34, '2026-07-08', NULL),
(34, '2026-07-09', NULL),
(34, '2026-07-10', NULL),
(34, '2026-07-11', NULL),
(34, '2026-07-12', NULL),
(34, '2026-07-13', NULL),
(34, '2026-07-14', NULL),
(34, '2026-07-15', NULL),
(34, '2026-07-16', NULL),
(34, '2026-07-17', NULL),
(34, '2026-07-18', NULL),
(34, '2026-07-19', NULL),
(34, '2026-07-20', NULL),
(34, '2026-07-21', NULL),
(34, '2026-07-22', NULL),
(34, '2026-07-23', NULL),
(34, '2026-07-24', NULL),
(34, '2026-07-25', NULL),
(34, '2026-07-26', NULL),
(34, '2026-07-27', NULL),
(34, '2026-07-28', NULL),
(34, '2026-07-29', NULL),
(34, '2026-07-30', NULL),
(34, '2026-07-31', NULL),
(34, '2026-08-01', NULL),
(34, '2026-08-02', NULL),
(34, '2026-08-03', NULL),
(34, '2026-08-04', NULL),
(34, '2026-08-05', NULL),
(34, '2026-08-06', NULL),
(34, '2026-08-07', NULL),
(34, '2026-08-08', NULL),
(34, '2026-08-09', NULL),
(34, '2026-08-10', NULL),
(34, '2026-08-11', NULL),
(34, '2026-08-12', NULL),
(34, '2026-08-13', NULL),
(34, '2026-08-14', NULL),
(34, '2026-08-15', NULL),
(34, '2026-08-16', NULL),
(34, '2026-08-17', NULL),
(34, '2026-08-18', NULL),
(34, '2026-08-19', NULL),
(34, '2026-08-20', NULL),
(34, '2026-08-21', NULL),
(34, '2026-08-22', NULL),
(34, '2026-08-23', NULL),
(34, '2026-08-24', NULL),
(34, '2026-08-25', NULL),
(34, '2026-08-26', NULL),
(34, '2026-08-27', NULL),
(34, '2026-08-28', NULL),
(34, '2026-08-29', NULL),
(34, '2026-08-30', NULL),
(34, '2026-08-31', NULL),
(34, '2026-09-01', NULL),
(34, '2026-09-02', NULL),
(34, '2026-09-03', NULL),
(34, '2026-09-04', NULL),
(34, '2026-09-05', NULL),
(34, '2026-09-06', NULL),
(34, '2026-09-07', NULL),
(34, '2026-09-08', NULL),
(34, '2026-09-09', NULL),
(34, '2026-09-10', NULL),
(34, '2026-09-11', NULL),
(34, '2026-09-12', NULL),
(34, '2026-09-13', NULL),
(34, '2026-09-14', NULL),
(34, '2026-09-15', NULL),
(35, '2026-06-01', NULL),
(35, '2026-06-02', NULL),
(35, '2026-06-03', NULL),
(35, '2026-06-04', NULL),
(35, '2026-06-05', NULL),
(35, '2026-06-06', NULL),
(35, '2026-06-07', NULL),
(35, '2026-06-08', NULL),
(35, '2026-06-09', NULL),
(35, '2026-06-10', NULL),
(35, '2026-06-11', NULL),
(35, '2026-06-12', NULL),
(35, '2026-06-13', NULL),
(35, '2026-06-14', NULL),
(35, '2026-06-15', NULL),
(35, '2026-06-16', NULL),
(35, '2026-06-17', NULL),
(35, '2026-06-18', NULL),
(35, '2026-06-19', NULL),
(35, '2026-06-20', NULL),
(35, '2026-06-21', NULL),
(35, '2026-06-22', NULL),
(35, '2026-06-23', NULL),
(35, '2026-06-24', NULL),
(35, '2026-06-25', NULL),
(35, '2026-06-26', NULL),
(35, '2026-06-27', NULL),
(35, '2026-06-28', NULL),
(35, '2026-06-29', NULL),
(35, '2026-06-30', NULL),
(35, '2026-07-01', NULL),
(35, '2026-07-02', NULL),
(35, '2026-07-03', NULL),
(35, '2026-07-04', NULL),
(35, '2026-07-05', NULL),
(35, '2026-07-06', NULL),
(35, '2026-07-07', NULL),
(35, '2026-07-08', NULL),
(35, '2026-07-09', NULL),
(35, '2026-07-10', NULL),
(35, '2026-07-11', NULL),
(35, '2026-07-12', NULL),
(35, '2026-07-13', NULL),
(35, '2026-07-14', NULL),
(35, '2026-07-15', NULL),
(35, '2026-07-16', NULL),
(35, '2026-07-17', NULL),
(35, '2026-07-18', NULL),
(35, '2026-07-19', NULL),
(35, '2026-07-20', NULL),
(35, '2026-07-21', NULL),
(35, '2026-07-22', NULL),
(35, '2026-07-23', NULL),
(35, '2026-07-24', NULL),
(35, '2026-07-25', NULL),
(35, '2026-07-26', NULL),
(35, '2026-07-27', NULL),
(35, '2026-07-28', NULL),
(35, '2026-07-29', NULL),
(35, '2026-07-30', NULL),
(35, '2026-07-31', NULL),
(35, '2026-08-01', NULL),
(35, '2026-08-02', NULL),
(35, '2026-08-03', NULL),
(35, '2026-08-04', NULL),
(35, '2026-08-05', NULL),
(35, '2026-08-06', NULL),
(35, '2026-08-07', NULL),
(35, '2026-08-08', NULL),
(35, '2026-08-09', NULL),
(35, '2026-08-10', NULL),
(35, '2026-08-11', NULL),
(35, '2026-08-12', NULL),
(35, '2026-08-13', NULL),
(35, '2026-08-14', NULL),
(35, '2026-08-15', NULL),
(35, '2026-08-16', NULL),
(35, '2026-08-17', NULL),
(35, '2026-08-18', NULL),
(35, '2026-08-19', NULL),
(35, '2026-08-20', NULL),
(35, '2026-08-21', NULL),
(35, '2026-08-22', NULL),
(35, '2026-08-23', NULL),
(35, '2026-08-24', NULL),
(35, '2026-08-25', NULL),
(35, '2026-08-26', NULL),
(35, '2026-08-27', NULL),
(35, '2026-08-28', NULL),
(35, '2026-08-29', NULL),
(35, '2026-08-30', NULL),
(35, '2026-08-31', NULL),
(35, '2026-09-01', NULL),
(35, '2026-09-02', NULL),
(35, '2026-09-03', NULL),
(35, '2026-09-04', NULL),
(35, '2026-09-05', NULL),
(35, '2026-09-06', NULL),
(35, '2026-09-07', NULL),
(35, '2026-09-08', NULL),
(35, '2026-09-09', NULL),
(35, '2026-09-10', NULL),
(35, '2026-09-11', NULL),
(35, '2026-09-12', NULL),
(35, '2026-09-13', NULL),
(35, '2026-09-14', NULL),
(35, '2026-09-15', NULL),
(36, '2026-06-01', NULL),
(36, '2026-06-02', NULL),
(36, '2026-06-03', NULL),
(36, '2026-06-04', NULL),
(36, '2026-06-05', NULL),
(36, '2026-06-06', NULL),
(36, '2026-06-07', NULL),
(36, '2026-06-08', NULL),
(36, '2026-06-09', NULL),
(36, '2026-06-10', NULL),
(36, '2026-06-11', NULL),
(36, '2026-06-12', NULL),
(36, '2026-06-13', NULL),
(36, '2026-06-14', NULL),
(36, '2026-06-15', NULL),
(36, '2026-06-16', NULL),
(36, '2026-06-17', NULL),
(36, '2026-06-18', NULL),
(36, '2026-06-19', NULL),
(36, '2026-06-20', NULL),
(36, '2026-06-21', NULL),
(36, '2026-06-22', NULL),
(36, '2026-06-23', NULL),
(36, '2026-06-24', NULL),
(36, '2026-06-25', NULL),
(36, '2026-06-26', NULL),
(36, '2026-06-27', NULL),
(36, '2026-06-28', NULL),
(36, '2026-06-29', NULL),
(36, '2026-06-30', NULL),
(36, '2026-07-01', NULL),
(36, '2026-07-02', NULL),
(36, '2026-07-03', NULL),
(36, '2026-07-04', NULL),
(36, '2026-07-05', NULL),
(36, '2026-07-06', NULL),
(36, '2026-07-07', NULL),
(36, '2026-07-08', NULL),
(36, '2026-07-09', NULL),
(36, '2026-07-10', NULL),
(36, '2026-07-11', NULL),
(36, '2026-07-12', NULL),
(36, '2026-07-13', NULL),
(36, '2026-07-14', NULL),
(36, '2026-07-15', NULL),
(36, '2026-07-16', NULL),
(36, '2026-07-17', NULL),
(36, '2026-07-18', NULL),
(36, '2026-07-19', NULL),
(36, '2026-07-20', NULL),
(36, '2026-07-21', NULL),
(36, '2026-07-22', NULL),
(36, '2026-07-23', NULL),
(36, '2026-07-24', NULL),
(36, '2026-07-25', NULL),
(36, '2026-07-26', NULL),
(36, '2026-07-27', NULL),
(36, '2026-07-28', NULL),
(36, '2026-07-29', NULL),
(36, '2026-07-30', NULL),
(36, '2026-07-31', NULL),
(36, '2026-08-01', NULL),
(36, '2026-08-02', NULL),
(36, '2026-08-03', NULL),
(36, '2026-08-04', NULL),
(36, '2026-08-05', NULL),
(36, '2026-08-06', NULL),
(36, '2026-08-07', NULL),
(36, '2026-08-08', NULL),
(36, '2026-08-09', NULL),
(36, '2026-08-10', NULL),
(36, '2026-08-11', NULL),
(36, '2026-08-12', NULL),
(36, '2026-08-13', NULL),
(36, '2026-08-14', NULL),
(36, '2026-08-15', NULL),
(36, '2026-08-16', NULL),
(36, '2026-08-17', NULL),
(36, '2026-08-18', NULL),
(36, '2026-08-19', NULL),
(36, '2026-08-20', NULL),
(36, '2026-08-21', NULL),
(36, '2026-08-22', NULL),
(36, '2026-08-23', NULL),
(36, '2026-08-24', NULL),
(36, '2026-08-25', NULL),
(36, '2026-08-26', NULL),
(36, '2026-08-27', NULL),
(36, '2026-08-28', NULL),
(36, '2026-08-29', NULL),
(36, '2026-08-30', NULL),
(36, '2026-08-31', NULL),
(36, '2026-09-01', NULL),
(36, '2026-09-02', NULL),
(36, '2026-09-03', NULL),
(36, '2026-09-04', NULL),
(36, '2026-09-05', NULL),
(36, '2026-09-06', NULL),
(36, '2026-09-07', NULL),
(36, '2026-09-08', NULL),
(36, '2026-09-09', NULL),
(36, '2026-09-10', NULL),
(36, '2026-09-11', NULL),
(36, '2026-09-12', NULL),
(36, '2026-09-13', NULL),
(36, '2026-09-14', NULL),
(36, '2026-09-15', NULL),
(37, '2026-06-01', NULL),
(37, '2026-06-02', NULL),
(37, '2026-06-03', NULL),
(37, '2026-06-04', NULL),
(37, '2026-06-05', NULL),
(37, '2026-06-06', NULL),
(37, '2026-06-07', NULL),
(37, '2026-06-08', NULL),
(37, '2026-06-09', NULL),
(37, '2026-06-10', NULL),
(37, '2026-06-11', NULL),
(37, '2026-06-12', NULL),
(37, '2026-06-13', NULL),
(37, '2026-06-14', NULL),
(37, '2026-06-15', NULL),
(37, '2026-06-16', NULL),
(37, '2026-06-17', NULL),
(37, '2026-06-18', NULL),
(37, '2026-06-19', NULL),
(37, '2026-06-20', NULL),
(37, '2026-06-21', NULL),
(37, '2026-06-22', NULL),
(37, '2026-06-23', NULL),
(37, '2026-06-24', NULL),
(37, '2026-06-25', NULL),
(37, '2026-06-26', NULL),
(37, '2026-06-27', NULL),
(37, '2026-06-28', NULL),
(37, '2026-06-29', NULL),
(37, '2026-06-30', NULL),
(37, '2026-07-01', NULL),
(37, '2026-07-02', NULL),
(37, '2026-07-03', NULL),
(37, '2026-07-04', NULL),
(37, '2026-07-05', NULL),
(37, '2026-07-06', NULL),
(37, '2026-07-07', NULL),
(37, '2026-07-08', NULL),
(37, '2026-07-09', NULL),
(37, '2026-07-10', NULL),
(37, '2026-07-11', NULL),
(37, '2026-07-12', NULL),
(37, '2026-07-13', NULL),
(37, '2026-07-14', NULL),
(37, '2026-07-15', NULL),
(37, '2026-07-16', NULL),
(37, '2026-07-17', NULL),
(37, '2026-07-18', NULL),
(37, '2026-07-19', NULL),
(37, '2026-07-20', NULL),
(37, '2026-07-21', NULL),
(37, '2026-07-22', NULL),
(37, '2026-07-23', NULL),
(37, '2026-07-24', NULL),
(37, '2026-07-25', NULL),
(37, '2026-07-26', NULL),
(37, '2026-07-27', NULL),
(37, '2026-07-28', NULL),
(37, '2026-07-29', NULL),
(37, '2026-07-30', NULL),
(37, '2026-07-31', NULL),
(37, '2026-08-01', NULL),
(37, '2026-08-02', NULL),
(37, '2026-08-03', NULL),
(37, '2026-08-04', NULL),
(37, '2026-08-05', NULL),
(37, '2026-08-06', NULL),
(37, '2026-08-07', NULL),
(37, '2026-08-08', NULL),
(37, '2026-08-09', NULL),
(37, '2026-08-10', NULL),
(37, '2026-08-11', NULL),
(37, '2026-08-12', NULL),
(37, '2026-08-13', NULL),
(37, '2026-08-14', NULL),
(37, '2026-08-15', NULL),
(37, '2026-08-16', NULL),
(37, '2026-08-17', NULL),
(37, '2026-08-18', NULL),
(37, '2026-08-19', NULL),
(37, '2026-08-20', NULL),
(37, '2026-08-21', NULL),
(37, '2026-08-22', NULL),
(37, '2026-08-23', NULL),
(37, '2026-08-24', NULL),
(37, '2026-08-25', NULL),
(37, '2026-08-26', NULL),
(37, '2026-08-27', NULL),
(37, '2026-08-28', NULL),
(37, '2026-08-29', NULL),
(37, '2026-08-30', NULL),
(37, '2026-08-31', NULL),
(37, '2026-09-01', NULL),
(37, '2026-09-02', NULL),
(37, '2026-09-03', NULL),
(37, '2026-09-04', NULL),
(37, '2026-09-05', NULL),
(37, '2026-09-06', NULL),
(37, '2026-09-07', NULL),
(37, '2026-09-08', NULL),
(37, '2026-09-09', NULL),
(37, '2026-09-10', NULL),
(37, '2026-09-11', NULL),
(37, '2026-09-12', NULL),
(37, '2026-09-13', NULL),
(37, '2026-09-14', NULL),
(37, '2026-09-15', NULL),
(38, '2026-06-01', NULL),
(38, '2026-06-02', NULL),
(38, '2026-06-03', NULL),
(38, '2026-06-04', NULL),
(38, '2026-06-05', NULL),
(38, '2026-06-06', NULL),
(38, '2026-06-07', NULL),
(38, '2026-06-08', NULL),
(38, '2026-06-09', NULL),
(38, '2026-06-10', NULL),
(38, '2026-06-11', NULL),
(38, '2026-06-12', NULL),
(38, '2026-06-13', NULL),
(38, '2026-06-14', NULL),
(38, '2026-06-15', NULL),
(38, '2026-06-16', NULL),
(38, '2026-06-17', NULL),
(38, '2026-06-18', NULL),
(38, '2026-06-19', NULL),
(38, '2026-06-20', NULL),
(38, '2026-06-21', NULL),
(38, '2026-06-22', NULL),
(38, '2026-06-23', NULL),
(38, '2026-06-24', NULL),
(38, '2026-06-25', NULL),
(38, '2026-06-26', NULL),
(38, '2026-06-27', NULL),
(38, '2026-06-28', NULL),
(38, '2026-06-29', NULL),
(38, '2026-06-30', NULL),
(38, '2026-07-01', NULL),
(38, '2026-07-02', NULL),
(38, '2026-07-03', NULL),
(38, '2026-07-04', NULL),
(38, '2026-07-05', NULL),
(38, '2026-07-06', NULL),
(38, '2026-07-07', NULL),
(38, '2026-07-08', NULL),
(38, '2026-07-09', NULL),
(38, '2026-07-10', NULL),
(38, '2026-07-11', NULL),
(38, '2026-07-12', NULL),
(38, '2026-07-13', NULL),
(38, '2026-07-14', NULL),
(38, '2026-07-15', NULL),
(38, '2026-07-16', NULL),
(38, '2026-07-17', NULL),
(38, '2026-07-18', NULL),
(38, '2026-07-19', NULL),
(38, '2026-07-20', NULL),
(38, '2026-07-21', NULL),
(38, '2026-07-22', NULL),
(38, '2026-07-23', NULL),
(38, '2026-07-24', NULL),
(38, '2026-07-25', NULL),
(38, '2026-07-26', NULL),
(38, '2026-07-27', NULL),
(38, '2026-07-28', NULL),
(38, '2026-07-29', NULL),
(38, '2026-07-30', NULL),
(38, '2026-07-31', NULL),
(38, '2026-08-01', NULL),
(38, '2026-08-02', NULL),
(38, '2026-08-03', NULL),
(38, '2026-08-04', NULL),
(38, '2026-08-05', NULL),
(38, '2026-08-06', NULL),
(38, '2026-08-07', NULL),
(38, '2026-08-08', NULL),
(38, '2026-08-09', NULL),
(38, '2026-08-10', NULL),
(38, '2026-08-11', NULL),
(38, '2026-08-12', NULL),
(38, '2026-08-13', NULL),
(38, '2026-08-14', NULL),
(38, '2026-08-15', NULL),
(38, '2026-08-16', NULL),
(38, '2026-08-17', NULL),
(38, '2026-08-18', NULL),
(38, '2026-08-19', NULL),
(38, '2026-08-20', NULL),
(38, '2026-08-21', NULL),
(38, '2026-08-22', NULL),
(38, '2026-08-23', NULL),
(38, '2026-08-24', NULL),
(38, '2026-08-25', NULL),
(38, '2026-08-26', NULL),
(38, '2026-08-27', NULL),
(38, '2026-08-28', NULL),
(38, '2026-08-29', NULL),
(38, '2026-08-30', NULL),
(38, '2026-08-31', NULL),
(38, '2026-09-01', NULL),
(38, '2026-09-02', NULL),
(38, '2026-09-03', NULL),
(38, '2026-09-04', NULL),
(38, '2026-09-05', NULL),
(38, '2026-09-06', NULL),
(38, '2026-09-07', NULL),
(38, '2026-09-08', NULL),
(38, '2026-09-09', NULL),
(38, '2026-09-10', NULL),
(38, '2026-09-11', NULL),
(38, '2026-09-12', NULL),
(38, '2026-09-13', NULL),
(38, '2026-09-14', NULL),
(38, '2026-09-15', NULL),
(39, '2026-06-01', NULL),
(39, '2026-06-02', NULL),
(39, '2026-06-03', NULL),
(39, '2026-06-04', NULL),
(39, '2026-06-05', NULL),
(39, '2026-06-06', NULL),
(39, '2026-06-07', NULL),
(39, '2026-06-08', NULL),
(39, '2026-06-09', NULL),
(39, '2026-06-10', NULL),
(39, '2026-06-11', NULL),
(39, '2026-06-12', NULL),
(39, '2026-06-13', NULL),
(39, '2026-06-14', NULL),
(39, '2026-06-15', NULL),
(39, '2026-06-16', NULL),
(39, '2026-06-17', NULL),
(39, '2026-06-18', NULL),
(39, '2026-06-19', NULL),
(39, '2026-06-20', NULL),
(39, '2026-06-21', NULL),
(39, '2026-06-22', NULL),
(39, '2026-06-23', NULL),
(39, '2026-06-24', NULL),
(39, '2026-06-25', NULL),
(39, '2026-06-26', NULL),
(39, '2026-06-27', NULL),
(39, '2026-06-28', NULL),
(39, '2026-06-29', NULL),
(39, '2026-06-30', NULL),
(39, '2026-07-01', NULL),
(39, '2026-07-02', NULL),
(39, '2026-07-03', NULL),
(39, '2026-07-04', NULL),
(39, '2026-07-05', NULL),
(39, '2026-07-06', NULL),
(39, '2026-07-07', NULL),
(39, '2026-07-08', NULL),
(39, '2026-07-09', NULL),
(39, '2026-07-10', NULL),
(39, '2026-07-11', NULL),
(39, '2026-07-12', NULL),
(39, '2026-07-13', NULL),
(39, '2026-07-14', NULL),
(39, '2026-07-15', NULL),
(39, '2026-07-16', NULL),
(39, '2026-07-17', NULL),
(39, '2026-07-18', NULL),
(39, '2026-07-19', NULL),
(39, '2026-07-20', NULL),
(39, '2026-07-21', NULL),
(39, '2026-07-22', NULL),
(39, '2026-07-23', NULL),
(39, '2026-07-24', NULL),
(39, '2026-07-25', NULL),
(39, '2026-07-26', NULL),
(39, '2026-07-27', NULL),
(39, '2026-07-28', NULL),
(39, '2026-07-29', NULL),
(39, '2026-07-30', NULL),
(39, '2026-07-31', NULL),
(39, '2026-08-01', NULL),
(39, '2026-08-02', NULL),
(39, '2026-08-03', NULL),
(39, '2026-08-04', NULL),
(39, '2026-08-05', NULL),
(39, '2026-08-06', NULL),
(39, '2026-08-07', NULL),
(39, '2026-08-08', NULL),
(39, '2026-08-09', NULL),
(39, '2026-08-10', NULL),
(39, '2026-08-11', NULL),
(39, '2026-08-12', NULL),
(39, '2026-08-13', NULL),
(39, '2026-08-14', NULL),
(39, '2026-08-15', NULL),
(39, '2026-08-16', NULL),
(39, '2026-08-17', NULL),
(39, '2026-08-18', NULL),
(39, '2026-08-19', NULL),
(39, '2026-08-20', NULL),
(39, '2026-08-21', NULL),
(39, '2026-08-22', NULL),
(39, '2026-08-23', NULL),
(39, '2026-08-24', NULL),
(39, '2026-08-25', NULL),
(39, '2026-08-26', NULL),
(39, '2026-08-27', NULL),
(39, '2026-08-28', NULL),
(39, '2026-08-29', NULL),
(39, '2026-08-30', NULL),
(39, '2026-08-31', NULL),
(39, '2026-09-01', NULL),
(39, '2026-09-02', NULL),
(39, '2026-09-03', NULL),
(39, '2026-09-04', NULL),
(39, '2026-09-05', NULL),
(39, '2026-09-06', NULL),
(39, '2026-09-07', NULL),
(39, '2026-09-08', NULL),
(39, '2026-09-09', NULL),
(39, '2026-09-10', NULL),
(39, '2026-09-11', NULL),
(39, '2026-09-12', NULL),
(39, '2026-09-13', NULL),
(39, '2026-09-14', NULL),
(39, '2026-09-15', NULL),
(40, '2026-06-01', NULL),
(40, '2026-06-02', NULL),
(40, '2026-06-03', NULL),
(40, '2026-06-04', NULL),
(40, '2026-06-05', NULL),
(40, '2026-06-06', NULL),
(40, '2026-06-07', NULL),
(40, '2026-06-08', NULL),
(40, '2026-06-09', NULL),
(40, '2026-06-10', NULL),
(40, '2026-06-11', NULL),
(40, '2026-06-12', NULL),
(40, '2026-06-13', NULL),
(40, '2026-06-14', NULL),
(40, '2026-06-15', NULL),
(40, '2026-06-16', NULL),
(40, '2026-06-17', NULL),
(40, '2026-06-18', NULL),
(40, '2026-06-19', NULL),
(40, '2026-06-20', NULL),
(40, '2026-06-21', NULL),
(40, '2026-06-22', NULL),
(40, '2026-06-23', NULL),
(40, '2026-06-24', NULL),
(40, '2026-06-25', NULL),
(40, '2026-06-26', NULL),
(40, '2026-06-27', NULL),
(40, '2026-06-28', NULL),
(40, '2026-06-29', NULL);
INSERT INTO `giornodisponibilita` (`idOmbrellone`, `data`, `numProgrContratto`) VALUES
(40, '2026-06-30', NULL),
(40, '2026-07-01', NULL),
(40, '2026-07-02', NULL),
(40, '2026-07-03', NULL),
(40, '2026-07-04', NULL),
(40, '2026-07-05', NULL),
(40, '2026-07-06', NULL),
(40, '2026-07-07', NULL),
(40, '2026-07-08', NULL),
(40, '2026-07-09', NULL),
(40, '2026-07-10', NULL),
(40, '2026-07-11', NULL),
(40, '2026-07-12', NULL),
(40, '2026-07-13', NULL),
(40, '2026-07-14', NULL),
(40, '2026-07-15', NULL),
(40, '2026-07-16', NULL),
(40, '2026-07-17', NULL),
(40, '2026-07-18', NULL),
(40, '2026-07-19', NULL),
(40, '2026-07-20', NULL),
(40, '2026-07-21', NULL),
(40, '2026-07-22', NULL),
(40, '2026-07-23', NULL),
(40, '2026-07-24', NULL),
(40, '2026-07-25', NULL),
(40, '2026-07-26', NULL),
(40, '2026-07-27', NULL),
(40, '2026-07-28', NULL),
(40, '2026-07-29', NULL),
(40, '2026-07-30', NULL),
(40, '2026-07-31', NULL),
(40, '2026-08-01', NULL),
(40, '2026-08-02', NULL),
(40, '2026-08-03', NULL),
(40, '2026-08-04', NULL),
(40, '2026-08-05', NULL),
(40, '2026-08-06', NULL),
(40, '2026-08-07', NULL),
(40, '2026-08-08', NULL),
(40, '2026-08-09', NULL),
(40, '2026-08-10', NULL),
(40, '2026-08-11', NULL),
(40, '2026-08-12', NULL),
(40, '2026-08-13', NULL),
(40, '2026-08-14', NULL),
(40, '2026-08-15', NULL),
(40, '2026-08-16', NULL),
(40, '2026-08-17', NULL),
(40, '2026-08-18', NULL),
(40, '2026-08-19', NULL),
(40, '2026-08-20', NULL),
(40, '2026-08-21', NULL),
(40, '2026-08-22', NULL),
(40, '2026-08-23', NULL),
(40, '2026-08-24', NULL),
(40, '2026-08-25', NULL),
(40, '2026-08-26', NULL),
(40, '2026-08-27', NULL),
(40, '2026-08-28', NULL),
(40, '2026-08-29', NULL),
(40, '2026-08-30', NULL),
(40, '2026-08-31', NULL),
(40, '2026-09-01', NULL),
(40, '2026-09-02', NULL),
(40, '2026-09-03', NULL),
(40, '2026-09-04', NULL),
(40, '2026-09-05', NULL),
(40, '2026-09-06', NULL),
(40, '2026-09-07', NULL),
(40, '2026-09-08', NULL),
(40, '2026-09-09', NULL),
(40, '2026-09-10', NULL),
(40, '2026-09-11', NULL),
(40, '2026-09-12', NULL),
(40, '2026-09-13', NULL),
(40, '2026-09-14', NULL),
(40, '2026-09-15', NULL),
(41, '2026-06-01', NULL),
(41, '2026-06-02', NULL),
(41, '2026-06-03', NULL),
(41, '2026-06-04', NULL),
(41, '2026-06-05', NULL),
(41, '2026-06-06', NULL),
(41, '2026-06-07', NULL),
(41, '2026-06-08', NULL),
(41, '2026-06-09', NULL),
(41, '2026-06-10', NULL),
(41, '2026-06-11', NULL),
(41, '2026-06-12', NULL),
(41, '2026-06-13', NULL),
(41, '2026-06-14', NULL),
(41, '2026-06-15', NULL),
(41, '2026-06-16', NULL),
(41, '2026-06-17', NULL),
(41, '2026-06-18', NULL),
(41, '2026-06-19', NULL),
(41, '2026-06-20', NULL),
(41, '2026-06-21', NULL),
(41, '2026-06-22', NULL),
(41, '2026-06-23', NULL),
(41, '2026-06-24', NULL),
(41, '2026-06-25', NULL),
(41, '2026-06-26', NULL),
(41, '2026-06-27', NULL),
(41, '2026-06-28', NULL),
(41, '2026-06-29', NULL),
(41, '2026-06-30', NULL),
(41, '2026-07-01', NULL),
(41, '2026-07-02', NULL),
(41, '2026-07-03', NULL),
(41, '2026-07-04', NULL),
(41, '2026-07-05', NULL),
(41, '2026-07-06', NULL),
(41, '2026-07-07', NULL),
(41, '2026-07-08', NULL),
(41, '2026-07-09', NULL),
(41, '2026-07-10', NULL),
(41, '2026-07-11', NULL),
(41, '2026-07-12', NULL),
(41, '2026-07-13', NULL),
(41, '2026-07-14', NULL),
(41, '2026-07-15', NULL),
(41, '2026-07-16', NULL),
(41, '2026-07-17', NULL),
(41, '2026-07-18', NULL),
(41, '2026-07-19', NULL),
(41, '2026-07-20', NULL),
(41, '2026-07-21', NULL),
(41, '2026-07-22', NULL),
(41, '2026-07-23', NULL),
(41, '2026-07-24', NULL),
(41, '2026-07-25', NULL),
(41, '2026-07-26', NULL),
(41, '2026-07-27', NULL),
(41, '2026-07-28', NULL),
(41, '2026-07-29', NULL),
(41, '2026-07-30', NULL),
(41, '2026-07-31', NULL),
(41, '2026-08-01', NULL),
(41, '2026-08-02', NULL),
(41, '2026-08-03', NULL),
(41, '2026-08-04', NULL),
(41, '2026-08-05', NULL),
(41, '2026-08-06', NULL),
(41, '2026-08-07', NULL),
(41, '2026-08-08', NULL),
(41, '2026-08-09', NULL),
(41, '2026-08-10', NULL),
(41, '2026-08-11', NULL),
(41, '2026-08-12', NULL),
(41, '2026-08-13', NULL),
(41, '2026-08-14', NULL),
(41, '2026-08-15', NULL),
(41, '2026-08-16', NULL),
(41, '2026-08-17', NULL),
(41, '2026-08-18', NULL),
(41, '2026-08-19', NULL),
(41, '2026-08-20', NULL),
(41, '2026-08-21', NULL),
(41, '2026-08-22', NULL),
(41, '2026-08-23', NULL),
(41, '2026-08-24', NULL),
(41, '2026-08-25', NULL),
(41, '2026-08-26', NULL),
(41, '2026-08-27', NULL),
(41, '2026-08-28', NULL),
(41, '2026-08-29', NULL),
(41, '2026-08-30', NULL),
(41, '2026-08-31', NULL),
(41, '2026-09-01', NULL),
(41, '2026-09-02', NULL),
(41, '2026-09-03', NULL),
(41, '2026-09-04', NULL),
(41, '2026-09-05', NULL),
(41, '2026-09-06', NULL),
(41, '2026-09-07', NULL),
(41, '2026-09-08', NULL),
(41, '2026-09-09', NULL),
(41, '2026-09-10', NULL),
(41, '2026-09-11', NULL),
(41, '2026-09-12', NULL),
(41, '2026-09-13', NULL),
(41, '2026-09-14', NULL),
(41, '2026-09-15', NULL),
(42, '2026-06-01', NULL),
(42, '2026-06-02', NULL),
(42, '2026-06-03', NULL),
(42, '2026-06-04', NULL),
(42, '2026-06-05', NULL),
(42, '2026-06-06', NULL),
(42, '2026-06-07', NULL),
(42, '2026-06-08', NULL),
(42, '2026-06-09', NULL),
(42, '2026-06-10', NULL),
(42, '2026-06-11', NULL),
(42, '2026-06-12', NULL),
(42, '2026-06-13', NULL),
(42, '2026-06-14', NULL),
(42, '2026-06-15', NULL),
(42, '2026-06-16', NULL),
(42, '2026-06-17', NULL),
(42, '2026-06-18', NULL),
(42, '2026-06-19', NULL),
(42, '2026-06-20', NULL),
(42, '2026-06-21', NULL),
(42, '2026-06-22', NULL),
(42, '2026-06-23', NULL),
(42, '2026-06-24', NULL),
(42, '2026-06-25', NULL),
(42, '2026-06-26', NULL),
(42, '2026-06-27', NULL),
(42, '2026-06-28', NULL),
(42, '2026-06-29', NULL),
(42, '2026-06-30', NULL),
(42, '2026-07-01', NULL),
(42, '2026-07-02', NULL),
(42, '2026-07-03', NULL),
(42, '2026-07-04', NULL),
(42, '2026-07-05', NULL),
(42, '2026-07-06', NULL),
(42, '2026-07-07', NULL),
(42, '2026-07-08', NULL),
(42, '2026-07-09', NULL),
(42, '2026-07-10', NULL),
(42, '2026-07-11', NULL),
(42, '2026-07-12', NULL),
(42, '2026-07-13', NULL),
(42, '2026-07-14', NULL),
(42, '2026-07-15', NULL),
(42, '2026-07-16', NULL),
(42, '2026-07-17', NULL),
(42, '2026-07-18', NULL),
(42, '2026-07-19', NULL),
(42, '2026-07-20', NULL),
(42, '2026-07-21', NULL),
(42, '2026-07-22', NULL),
(42, '2026-07-23', NULL),
(42, '2026-07-24', NULL),
(42, '2026-07-25', NULL),
(42, '2026-07-26', NULL),
(42, '2026-07-27', NULL),
(42, '2026-07-28', NULL),
(42, '2026-07-29', NULL),
(42, '2026-07-30', NULL),
(42, '2026-07-31', NULL),
(42, '2026-08-01', NULL),
(42, '2026-08-02', NULL),
(42, '2026-08-03', NULL),
(42, '2026-08-04', NULL),
(42, '2026-08-05', NULL),
(42, '2026-08-06', NULL),
(42, '2026-08-07', NULL),
(42, '2026-08-08', NULL),
(42, '2026-08-09', NULL),
(42, '2026-08-10', NULL),
(42, '2026-08-11', NULL),
(42, '2026-08-12', NULL),
(42, '2026-08-13', NULL),
(42, '2026-08-14', NULL),
(42, '2026-08-15', NULL),
(42, '2026-08-16', NULL),
(42, '2026-08-17', NULL),
(42, '2026-08-18', NULL),
(42, '2026-08-19', NULL),
(42, '2026-08-20', NULL),
(42, '2026-08-21', NULL),
(42, '2026-08-22', NULL),
(42, '2026-08-23', NULL),
(42, '2026-08-24', NULL),
(42, '2026-08-25', NULL),
(42, '2026-08-26', NULL),
(42, '2026-08-27', NULL),
(42, '2026-08-28', NULL),
(42, '2026-08-29', NULL),
(42, '2026-08-30', NULL),
(42, '2026-08-31', NULL),
(42, '2026-09-01', NULL),
(42, '2026-09-02', NULL),
(42, '2026-09-03', NULL),
(42, '2026-09-04', NULL),
(42, '2026-09-05', NULL),
(42, '2026-09-06', NULL),
(42, '2026-09-07', NULL),
(42, '2026-09-08', NULL),
(42, '2026-09-09', NULL),
(42, '2026-09-10', NULL),
(42, '2026-09-11', NULL),
(42, '2026-09-12', NULL),
(42, '2026-09-13', NULL),
(42, '2026-09-14', NULL),
(42, '2026-09-15', NULL),
(43, '2026-06-01', NULL),
(43, '2026-06-02', NULL),
(43, '2026-06-03', NULL),
(43, '2026-06-04', NULL),
(43, '2026-06-05', NULL),
(43, '2026-06-06', NULL),
(43, '2026-06-07', NULL),
(43, '2026-06-08', NULL),
(43, '2026-06-09', NULL),
(43, '2026-06-10', NULL),
(43, '2026-06-11', NULL),
(43, '2026-06-12', NULL),
(43, '2026-06-13', NULL),
(43, '2026-06-14', NULL),
(43, '2026-06-15', NULL),
(43, '2026-06-16', NULL),
(43, '2026-06-17', NULL),
(43, '2026-06-18', NULL),
(43, '2026-06-19', NULL),
(43, '2026-06-20', NULL),
(43, '2026-06-21', NULL),
(43, '2026-06-22', NULL),
(43, '2026-06-23', NULL),
(43, '2026-06-24', NULL),
(43, '2026-06-25', NULL),
(43, '2026-06-26', NULL),
(43, '2026-06-27', NULL),
(43, '2026-06-28', NULL),
(43, '2026-06-29', NULL),
(43, '2026-06-30', NULL),
(43, '2026-07-01', NULL),
(43, '2026-07-02', NULL),
(43, '2026-07-03', NULL),
(43, '2026-07-04', NULL),
(43, '2026-07-05', NULL),
(43, '2026-07-06', NULL),
(43, '2026-07-07', NULL),
(43, '2026-07-08', NULL),
(43, '2026-07-09', NULL),
(43, '2026-07-10', NULL),
(43, '2026-07-11', NULL),
(43, '2026-07-12', NULL),
(43, '2026-07-13', NULL),
(43, '2026-07-14', NULL),
(43, '2026-07-15', NULL),
(43, '2026-07-16', NULL),
(43, '2026-07-17', NULL),
(43, '2026-07-18', NULL),
(43, '2026-07-19', NULL),
(43, '2026-07-20', NULL),
(43, '2026-07-21', NULL),
(43, '2026-07-22', NULL),
(43, '2026-07-23', NULL),
(43, '2026-07-24', NULL),
(43, '2026-07-25', NULL),
(43, '2026-07-26', NULL),
(43, '2026-07-27', NULL),
(43, '2026-07-28', NULL),
(43, '2026-07-29', NULL),
(43, '2026-07-30', NULL),
(43, '2026-07-31', NULL),
(43, '2026-08-01', NULL),
(43, '2026-08-02', NULL),
(43, '2026-08-03', NULL),
(43, '2026-08-04', NULL),
(43, '2026-08-05', NULL),
(43, '2026-08-06', NULL),
(43, '2026-08-07', NULL),
(43, '2026-08-08', NULL),
(43, '2026-08-09', NULL),
(43, '2026-08-10', NULL),
(43, '2026-08-11', NULL),
(43, '2026-08-12', NULL),
(43, '2026-08-13', NULL),
(43, '2026-08-14', NULL),
(43, '2026-08-15', NULL),
(43, '2026-08-16', NULL),
(43, '2026-08-17', NULL),
(43, '2026-08-18', NULL),
(43, '2026-08-19', NULL),
(43, '2026-08-20', NULL),
(43, '2026-08-21', NULL),
(43, '2026-08-22', NULL),
(43, '2026-08-23', NULL),
(43, '2026-08-24', NULL),
(43, '2026-08-25', NULL),
(43, '2026-08-26', NULL),
(43, '2026-08-27', NULL),
(43, '2026-08-28', NULL),
(43, '2026-08-29', NULL),
(43, '2026-08-30', NULL),
(43, '2026-08-31', NULL),
(43, '2026-09-01', NULL),
(43, '2026-09-02', NULL),
(43, '2026-09-03', NULL),
(43, '2026-09-04', NULL),
(43, '2026-09-05', NULL),
(43, '2026-09-06', NULL),
(43, '2026-09-07', NULL),
(43, '2026-09-08', NULL),
(43, '2026-09-09', NULL),
(43, '2026-09-10', NULL),
(43, '2026-09-11', NULL),
(43, '2026-09-12', NULL),
(43, '2026-09-13', NULL),
(43, '2026-09-14', NULL),
(43, '2026-09-15', NULL),
(44, '2026-06-01', NULL),
(44, '2026-06-02', NULL),
(44, '2026-06-03', NULL),
(44, '2026-06-04', NULL),
(44, '2026-06-05', NULL),
(44, '2026-06-06', NULL),
(44, '2026-06-07', NULL),
(44, '2026-06-08', NULL),
(44, '2026-06-09', NULL),
(44, '2026-06-10', NULL),
(44, '2026-06-11', NULL),
(44, '2026-06-12', NULL),
(44, '2026-06-13', NULL),
(44, '2026-06-14', NULL),
(44, '2026-06-15', NULL),
(44, '2026-06-16', NULL),
(44, '2026-06-17', NULL),
(44, '2026-06-18', NULL),
(44, '2026-06-19', NULL),
(44, '2026-06-20', NULL),
(44, '2026-06-21', NULL),
(44, '2026-06-22', NULL),
(44, '2026-06-23', NULL),
(44, '2026-06-24', NULL),
(44, '2026-06-25', NULL),
(44, '2026-06-26', NULL),
(44, '2026-06-27', NULL),
(44, '2026-06-28', NULL),
(44, '2026-06-29', NULL),
(44, '2026-06-30', NULL),
(44, '2026-07-01', NULL),
(44, '2026-07-02', NULL),
(44, '2026-07-03', NULL),
(44, '2026-07-04', NULL),
(44, '2026-07-05', NULL),
(44, '2026-07-06', NULL),
(44, '2026-07-07', NULL),
(44, '2026-07-08', NULL),
(44, '2026-07-09', NULL),
(44, '2026-07-10', NULL),
(44, '2026-07-11', NULL),
(44, '2026-07-12', NULL),
(44, '2026-07-13', NULL),
(44, '2026-07-14', NULL),
(44, '2026-07-15', NULL),
(44, '2026-07-16', NULL),
(44, '2026-07-17', NULL),
(44, '2026-07-18', NULL),
(44, '2026-07-19', NULL),
(44, '2026-07-20', NULL),
(44, '2026-07-21', NULL),
(44, '2026-07-22', NULL),
(44, '2026-07-23', NULL),
(44, '2026-07-24', NULL),
(44, '2026-07-25', NULL),
(44, '2026-07-26', NULL),
(44, '2026-07-27', NULL),
(44, '2026-07-28', NULL),
(44, '2026-07-29', NULL),
(44, '2026-07-30', NULL),
(44, '2026-07-31', NULL),
(44, '2026-08-01', NULL),
(44, '2026-08-02', NULL),
(44, '2026-08-03', NULL),
(44, '2026-08-04', NULL),
(44, '2026-08-05', NULL),
(44, '2026-08-06', NULL),
(44, '2026-08-07', NULL),
(44, '2026-08-08', NULL),
(44, '2026-08-09', NULL),
(44, '2026-08-10', NULL),
(44, '2026-08-11', NULL),
(44, '2026-08-12', NULL),
(44, '2026-08-13', NULL),
(44, '2026-08-14', NULL),
(44, '2026-08-15', NULL),
(44, '2026-08-16', NULL),
(44, '2026-08-17', NULL),
(44, '2026-08-18', NULL),
(44, '2026-08-19', NULL),
(44, '2026-08-20', NULL),
(44, '2026-08-21', NULL),
(44, '2026-08-22', NULL),
(44, '2026-08-23', NULL),
(44, '2026-08-24', NULL),
(44, '2026-08-25', NULL),
(44, '2026-08-26', NULL),
(44, '2026-08-27', NULL),
(44, '2026-08-28', NULL),
(44, '2026-08-29', NULL),
(44, '2026-08-30', NULL),
(44, '2026-08-31', NULL),
(44, '2026-09-01', NULL),
(44, '2026-09-02', NULL),
(44, '2026-09-03', NULL),
(44, '2026-09-04', NULL),
(44, '2026-09-05', NULL),
(44, '2026-09-06', NULL),
(44, '2026-09-07', NULL),
(44, '2026-09-08', NULL),
(44, '2026-09-09', NULL),
(44, '2026-09-10', NULL),
(44, '2026-09-11', NULL),
(44, '2026-09-12', NULL),
(44, '2026-09-13', NULL),
(44, '2026-09-14', NULL),
(44, '2026-09-15', NULL),
(45, '2026-06-01', NULL),
(45, '2026-06-02', NULL),
(45, '2026-06-03', NULL),
(45, '2026-06-04', NULL),
(45, '2026-06-05', NULL),
(45, '2026-06-06', NULL),
(45, '2026-06-07', NULL),
(45, '2026-06-08', NULL),
(45, '2026-06-09', NULL),
(45, '2026-06-10', NULL),
(45, '2026-06-11', NULL),
(45, '2026-06-12', NULL),
(45, '2026-06-13', NULL),
(45, '2026-06-14', NULL),
(45, '2026-06-15', NULL),
(45, '2026-06-16', NULL),
(45, '2026-06-17', NULL),
(45, '2026-06-18', NULL),
(45, '2026-06-19', NULL),
(45, '2026-06-20', NULL),
(45, '2026-06-21', NULL),
(45, '2026-06-22', NULL),
(45, '2026-06-23', NULL),
(45, '2026-06-24', NULL),
(45, '2026-06-25', NULL),
(45, '2026-06-26', NULL),
(45, '2026-06-27', NULL),
(45, '2026-06-28', NULL),
(45, '2026-06-29', NULL),
(45, '2026-06-30', NULL),
(45, '2026-07-01', NULL),
(45, '2026-07-02', NULL),
(45, '2026-07-03', NULL),
(45, '2026-07-04', NULL),
(45, '2026-07-05', NULL),
(45, '2026-07-06', NULL),
(45, '2026-07-07', NULL),
(45, '2026-07-08', NULL),
(45, '2026-07-09', NULL),
(45, '2026-07-10', NULL),
(45, '2026-07-11', NULL),
(45, '2026-07-12', NULL),
(45, '2026-07-13', NULL),
(45, '2026-07-14', NULL),
(45, '2026-07-15', NULL),
(45, '2026-07-16', NULL),
(45, '2026-07-17', NULL),
(45, '2026-07-18', NULL),
(45, '2026-07-19', NULL),
(45, '2026-07-20', NULL),
(45, '2026-07-21', NULL),
(45, '2026-07-22', NULL),
(45, '2026-07-23', NULL),
(45, '2026-07-24', NULL),
(45, '2026-07-25', NULL),
(45, '2026-07-26', NULL),
(45, '2026-07-27', NULL),
(45, '2026-07-28', NULL),
(45, '2026-07-29', NULL),
(45, '2026-07-30', NULL),
(45, '2026-07-31', NULL),
(45, '2026-08-01', NULL),
(45, '2026-08-02', NULL),
(45, '2026-08-03', NULL),
(45, '2026-08-04', NULL),
(45, '2026-08-05', NULL),
(45, '2026-08-06', NULL),
(45, '2026-08-07', NULL),
(45, '2026-08-08', NULL),
(45, '2026-08-09', NULL),
(45, '2026-08-10', NULL),
(45, '2026-08-11', NULL),
(45, '2026-08-12', NULL),
(45, '2026-08-13', NULL),
(45, '2026-08-14', NULL),
(45, '2026-08-15', NULL),
(45, '2026-08-16', NULL),
(45, '2026-08-17', NULL),
(45, '2026-08-18', NULL),
(45, '2026-08-19', NULL),
(45, '2026-08-20', NULL),
(45, '2026-08-21', NULL),
(45, '2026-08-22', NULL),
(45, '2026-08-23', NULL),
(45, '2026-08-24', NULL),
(45, '2026-08-25', NULL),
(45, '2026-08-26', NULL),
(45, '2026-08-27', NULL),
(45, '2026-08-28', NULL),
(45, '2026-08-29', NULL),
(45, '2026-08-30', NULL),
(45, '2026-08-31', NULL),
(45, '2026-09-01', NULL),
(45, '2026-09-02', NULL),
(45, '2026-09-03', NULL),
(45, '2026-09-04', NULL),
(45, '2026-09-05', NULL),
(45, '2026-09-06', NULL),
(45, '2026-09-07', NULL),
(45, '2026-09-08', NULL),
(45, '2026-09-09', NULL),
(45, '2026-09-10', NULL),
(45, '2026-09-11', NULL),
(45, '2026-09-12', NULL),
(45, '2026-09-13', NULL),
(45, '2026-09-14', NULL),
(45, '2026-09-15', NULL),
(46, '2026-06-01', NULL),
(46, '2026-06-02', NULL),
(46, '2026-06-03', NULL),
(46, '2026-06-04', NULL),
(46, '2026-06-05', NULL),
(46, '2026-06-06', NULL),
(46, '2026-06-07', NULL),
(46, '2026-06-08', NULL),
(46, '2026-06-09', NULL),
(46, '2026-06-10', NULL),
(46, '2026-06-11', NULL),
(46, '2026-06-12', NULL),
(46, '2026-06-13', NULL),
(46, '2026-06-14', NULL),
(46, '2026-06-15', NULL),
(46, '2026-06-16', NULL),
(46, '2026-06-17', NULL),
(46, '2026-06-18', NULL),
(46, '2026-06-19', NULL),
(46, '2026-06-20', NULL),
(46, '2026-06-21', NULL),
(46, '2026-06-22', NULL),
(46, '2026-06-23', NULL),
(46, '2026-06-24', NULL),
(46, '2026-06-25', NULL),
(46, '2026-06-26', NULL),
(46, '2026-06-27', NULL),
(46, '2026-06-28', NULL),
(46, '2026-06-29', NULL),
(46, '2026-06-30', NULL),
(46, '2026-07-01', NULL),
(46, '2026-07-02', NULL),
(46, '2026-07-03', NULL),
(46, '2026-07-04', NULL),
(46, '2026-07-05', NULL),
(46, '2026-07-06', NULL),
(46, '2026-07-07', NULL),
(46, '2026-07-08', NULL),
(46, '2026-07-09', NULL),
(46, '2026-07-10', NULL),
(46, '2026-07-11', NULL),
(46, '2026-07-12', NULL),
(46, '2026-07-13', NULL),
(46, '2026-07-14', NULL),
(46, '2026-07-15', NULL),
(46, '2026-07-16', NULL),
(46, '2026-07-17', NULL),
(46, '2026-07-18', NULL),
(46, '2026-07-19', NULL),
(46, '2026-07-20', NULL),
(46, '2026-07-21', NULL),
(46, '2026-07-22', NULL),
(46, '2026-07-23', NULL),
(46, '2026-07-24', NULL),
(46, '2026-07-25', NULL),
(46, '2026-07-26', NULL),
(46, '2026-07-27', NULL),
(46, '2026-07-28', NULL),
(46, '2026-07-29', NULL),
(46, '2026-07-30', NULL),
(46, '2026-07-31', NULL),
(46, '2026-08-01', NULL),
(46, '2026-08-02', NULL),
(46, '2026-08-03', NULL),
(46, '2026-08-04', NULL),
(46, '2026-08-05', NULL),
(46, '2026-08-06', NULL),
(46, '2026-08-07', NULL),
(46, '2026-08-08', NULL),
(46, '2026-08-09', NULL),
(46, '2026-08-10', NULL),
(46, '2026-08-11', NULL),
(46, '2026-08-12', NULL),
(46, '2026-08-13', NULL),
(46, '2026-08-14', NULL),
(46, '2026-08-15', NULL),
(46, '2026-08-16', NULL),
(46, '2026-08-17', NULL),
(46, '2026-08-18', NULL),
(46, '2026-08-19', NULL),
(46, '2026-08-20', NULL),
(46, '2026-08-21', NULL),
(46, '2026-08-22', NULL),
(46, '2026-08-23', NULL),
(46, '2026-08-24', NULL),
(46, '2026-08-25', NULL),
(46, '2026-08-26', NULL),
(46, '2026-08-27', NULL),
(46, '2026-08-28', NULL),
(46, '2026-08-29', NULL),
(46, '2026-08-30', NULL),
(46, '2026-08-31', NULL),
(46, '2026-09-01', NULL),
(46, '2026-09-02', NULL),
(46, '2026-09-03', NULL),
(46, '2026-09-04', NULL),
(46, '2026-09-05', NULL),
(46, '2026-09-06', NULL),
(46, '2026-09-07', NULL),
(46, '2026-09-08', NULL),
(46, '2026-09-09', NULL),
(46, '2026-09-10', NULL),
(46, '2026-09-11', NULL),
(46, '2026-09-12', NULL),
(46, '2026-09-13', NULL),
(46, '2026-09-14', NULL),
(46, '2026-09-15', NULL),
(47, '2026-06-01', NULL),
(47, '2026-06-02', NULL),
(47, '2026-06-03', NULL),
(47, '2026-06-04', NULL),
(47, '2026-06-05', NULL),
(47, '2026-06-06', NULL),
(47, '2026-06-07', NULL),
(47, '2026-06-08', NULL),
(47, '2026-06-09', NULL),
(47, '2026-06-10', NULL),
(47, '2026-06-11', NULL),
(47, '2026-06-12', NULL),
(47, '2026-06-13', NULL),
(47, '2026-06-14', NULL),
(47, '2026-06-15', NULL),
(47, '2026-06-16', NULL),
(47, '2026-06-17', NULL),
(47, '2026-06-18', NULL),
(47, '2026-06-19', NULL),
(47, '2026-06-20', NULL),
(47, '2026-06-21', NULL),
(47, '2026-06-22', NULL),
(47, '2026-06-23', NULL),
(47, '2026-06-24', NULL),
(47, '2026-06-25', NULL),
(47, '2026-06-26', NULL),
(47, '2026-06-27', NULL),
(47, '2026-06-28', NULL),
(47, '2026-06-29', NULL),
(47, '2026-06-30', NULL),
(47, '2026-07-01', NULL),
(47, '2026-07-02', NULL),
(47, '2026-07-03', NULL),
(47, '2026-07-04', NULL),
(47, '2026-07-05', NULL),
(47, '2026-07-06', NULL),
(47, '2026-07-07', NULL),
(47, '2026-07-08', NULL),
(47, '2026-07-09', NULL),
(47, '2026-07-10', NULL),
(47, '2026-07-11', NULL),
(47, '2026-07-12', NULL),
(47, '2026-07-13', NULL),
(47, '2026-07-14', NULL),
(47, '2026-07-15', NULL),
(47, '2026-07-16', NULL),
(47, '2026-07-17', NULL),
(47, '2026-07-18', NULL),
(47, '2026-07-19', NULL),
(47, '2026-07-20', NULL),
(47, '2026-07-21', NULL),
(47, '2026-07-22', NULL),
(47, '2026-07-23', NULL),
(47, '2026-07-24', NULL),
(47, '2026-07-25', NULL),
(47, '2026-07-26', NULL),
(47, '2026-07-27', NULL),
(47, '2026-07-28', NULL),
(47, '2026-07-29', NULL),
(47, '2026-07-30', NULL),
(47, '2026-07-31', NULL),
(47, '2026-08-01', NULL),
(47, '2026-08-02', NULL),
(47, '2026-08-03', NULL),
(47, '2026-08-04', NULL),
(47, '2026-08-05', NULL),
(47, '2026-08-06', NULL),
(47, '2026-08-07', NULL),
(47, '2026-08-08', NULL),
(47, '2026-08-09', NULL),
(47, '2026-08-10', NULL),
(47, '2026-08-11', NULL),
(47, '2026-08-12', NULL),
(47, '2026-08-13', NULL),
(47, '2026-08-14', NULL),
(47, '2026-08-15', NULL),
(47, '2026-08-16', NULL),
(47, '2026-08-17', NULL),
(47, '2026-08-18', NULL),
(47, '2026-08-19', NULL),
(47, '2026-08-20', NULL),
(47, '2026-08-21', NULL),
(47, '2026-08-22', NULL),
(47, '2026-08-23', NULL),
(47, '2026-08-24', NULL),
(47, '2026-08-25', NULL),
(47, '2026-08-26', NULL),
(47, '2026-08-27', NULL),
(47, '2026-08-28', NULL),
(47, '2026-08-29', NULL),
(47, '2026-08-30', NULL),
(47, '2026-08-31', NULL),
(47, '2026-09-01', NULL),
(47, '2026-09-02', NULL),
(47, '2026-09-03', NULL),
(47, '2026-09-04', NULL),
(47, '2026-09-05', NULL),
(47, '2026-09-06', NULL),
(47, '2026-09-07', NULL),
(47, '2026-09-08', NULL),
(47, '2026-09-09', NULL),
(47, '2026-09-10', NULL),
(47, '2026-09-11', NULL),
(47, '2026-09-12', NULL),
(47, '2026-09-13', NULL),
(47, '2026-09-14', NULL),
(47, '2026-09-15', NULL),
(48, '2026-06-01', NULL),
(48, '2026-06-02', NULL),
(48, '2026-06-03', NULL),
(48, '2026-06-04', NULL),
(48, '2026-06-05', NULL),
(48, '2026-06-06', NULL),
(48, '2026-06-07', NULL),
(48, '2026-06-08', NULL),
(48, '2026-06-09', NULL),
(48, '2026-06-10', NULL),
(48, '2026-06-11', NULL),
(48, '2026-06-12', NULL),
(48, '2026-06-13', NULL),
(48, '2026-06-14', NULL),
(48, '2026-06-15', NULL),
(48, '2026-06-16', NULL),
(48, '2026-06-17', NULL),
(48, '2026-06-18', NULL),
(48, '2026-06-19', NULL),
(48, '2026-06-20', NULL),
(48, '2026-06-21', NULL),
(48, '2026-06-22', NULL),
(48, '2026-06-23', NULL),
(48, '2026-06-24', NULL),
(48, '2026-06-25', NULL),
(48, '2026-06-26', NULL),
(48, '2026-06-27', NULL),
(48, '2026-06-28', NULL),
(48, '2026-06-29', NULL),
(48, '2026-06-30', NULL),
(48, '2026-07-01', NULL),
(48, '2026-07-02', NULL),
(48, '2026-07-03', NULL),
(48, '2026-07-04', NULL),
(48, '2026-07-05', NULL),
(48, '2026-07-06', NULL),
(48, '2026-07-07', NULL),
(48, '2026-07-08', NULL),
(48, '2026-07-09', NULL),
(48, '2026-07-10', NULL),
(48, '2026-07-11', NULL),
(48, '2026-07-12', NULL),
(48, '2026-07-13', NULL),
(48, '2026-07-14', NULL),
(48, '2026-07-15', NULL),
(48, '2026-07-16', NULL),
(48, '2026-07-17', NULL),
(48, '2026-07-18', NULL),
(48, '2026-07-19', NULL),
(48, '2026-07-20', NULL),
(48, '2026-07-21', NULL),
(48, '2026-07-22', NULL),
(48, '2026-07-23', NULL),
(48, '2026-07-24', NULL),
(48, '2026-07-25', NULL),
(48, '2026-07-26', NULL),
(48, '2026-07-27', NULL),
(48, '2026-07-28', NULL),
(48, '2026-07-29', NULL),
(48, '2026-07-30', NULL),
(48, '2026-07-31', NULL),
(48, '2026-08-01', NULL),
(48, '2026-08-02', NULL),
(48, '2026-08-03', NULL),
(48, '2026-08-04', NULL),
(48, '2026-08-05', NULL),
(48, '2026-08-06', NULL),
(48, '2026-08-07', NULL),
(48, '2026-08-08', NULL),
(48, '2026-08-09', NULL),
(48, '2026-08-10', NULL),
(48, '2026-08-11', NULL),
(48, '2026-08-12', NULL),
(48, '2026-08-13', NULL),
(48, '2026-08-14', NULL),
(48, '2026-08-15', NULL),
(48, '2026-08-16', NULL),
(48, '2026-08-17', NULL),
(48, '2026-08-18', NULL),
(48, '2026-08-19', NULL),
(48, '2026-08-20', NULL),
(48, '2026-08-21', NULL),
(48, '2026-08-22', NULL),
(48, '2026-08-23', NULL),
(48, '2026-08-24', NULL),
(48, '2026-08-25', NULL),
(48, '2026-08-26', NULL),
(48, '2026-08-27', NULL),
(48, '2026-08-28', NULL),
(48, '2026-08-29', NULL),
(48, '2026-08-30', NULL),
(48, '2026-08-31', NULL),
(48, '2026-09-01', NULL),
(48, '2026-09-02', NULL),
(48, '2026-09-03', NULL),
(48, '2026-09-04', NULL),
(48, '2026-09-05', NULL),
(48, '2026-09-06', NULL),
(48, '2026-09-07', NULL),
(48, '2026-09-08', NULL),
(48, '2026-09-09', NULL),
(48, '2026-09-10', NULL),
(48, '2026-09-11', NULL),
(48, '2026-09-12', NULL),
(48, '2026-09-13', NULL),
(48, '2026-09-14', NULL),
(48, '2026-09-15', NULL),
(49, '2026-06-01', NULL),
(49, '2026-06-02', NULL),
(49, '2026-06-03', NULL),
(49, '2026-06-04', NULL),
(49, '2026-06-05', NULL),
(49, '2026-06-06', NULL),
(49, '2026-06-07', NULL),
(49, '2026-06-08', NULL),
(49, '2026-06-09', NULL),
(49, '2026-06-10', NULL),
(49, '2026-06-11', NULL),
(49, '2026-06-12', NULL),
(49, '2026-06-13', NULL),
(49, '2026-06-14', NULL),
(49, '2026-06-15', NULL),
(49, '2026-06-16', NULL),
(49, '2026-06-17', NULL),
(49, '2026-06-18', NULL),
(49, '2026-06-19', NULL),
(49, '2026-06-20', NULL),
(49, '2026-06-21', NULL),
(49, '2026-06-22', NULL),
(49, '2026-06-23', NULL),
(49, '2026-06-24', NULL),
(49, '2026-06-25', NULL),
(49, '2026-06-26', NULL),
(49, '2026-06-27', NULL),
(49, '2026-06-28', NULL),
(49, '2026-06-29', NULL),
(49, '2026-06-30', NULL),
(49, '2026-07-01', NULL),
(49, '2026-07-02', NULL),
(49, '2026-07-03', NULL),
(49, '2026-07-04', NULL),
(49, '2026-07-05', NULL),
(49, '2026-07-06', NULL),
(49, '2026-07-07', NULL),
(49, '2026-07-08', NULL),
(49, '2026-07-09', NULL),
(49, '2026-07-10', NULL),
(49, '2026-07-11', NULL),
(49, '2026-07-12', NULL),
(49, '2026-07-13', NULL),
(49, '2026-07-14', NULL),
(49, '2026-07-15', NULL),
(49, '2026-07-16', NULL),
(49, '2026-07-17', NULL),
(49, '2026-07-18', NULL),
(49, '2026-07-19', NULL),
(49, '2026-07-20', NULL),
(49, '2026-07-21', NULL),
(49, '2026-07-22', NULL),
(49, '2026-07-23', NULL),
(49, '2026-07-24', NULL),
(49, '2026-07-25', NULL),
(49, '2026-07-26', NULL),
(49, '2026-07-27', NULL),
(49, '2026-07-28', NULL),
(49, '2026-07-29', NULL),
(49, '2026-07-30', NULL),
(49, '2026-07-31', NULL),
(49, '2026-08-01', NULL),
(49, '2026-08-02', NULL),
(49, '2026-08-03', NULL),
(49, '2026-08-04', NULL),
(49, '2026-08-05', NULL),
(49, '2026-08-06', NULL),
(49, '2026-08-07', NULL),
(49, '2026-08-08', NULL),
(49, '2026-08-09', NULL),
(49, '2026-08-10', NULL),
(49, '2026-08-11', NULL),
(49, '2026-08-12', NULL),
(49, '2026-08-13', NULL),
(49, '2026-08-14', NULL),
(49, '2026-08-15', NULL),
(49, '2026-08-16', NULL),
(49, '2026-08-17', NULL),
(49, '2026-08-18', NULL),
(49, '2026-08-19', NULL),
(49, '2026-08-20', NULL),
(49, '2026-08-21', NULL),
(49, '2026-08-22', NULL),
(49, '2026-08-23', NULL),
(49, '2026-08-24', NULL),
(49, '2026-08-25', NULL),
(49, '2026-08-26', NULL),
(49, '2026-08-27', NULL),
(49, '2026-08-28', NULL),
(49, '2026-08-29', NULL),
(49, '2026-08-30', NULL),
(49, '2026-08-31', NULL),
(49, '2026-09-01', NULL),
(49, '2026-09-02', NULL),
(49, '2026-09-03', NULL),
(49, '2026-09-04', NULL),
(49, '2026-09-05', NULL),
(49, '2026-09-06', NULL),
(49, '2026-09-07', NULL),
(49, '2026-09-08', NULL),
(49, '2026-09-09', NULL),
(49, '2026-09-10', NULL),
(49, '2026-09-11', NULL),
(49, '2026-09-12', NULL),
(49, '2026-09-13', NULL),
(49, '2026-09-14', NULL),
(49, '2026-09-15', NULL),
(50, '2026-06-01', NULL),
(50, '2026-06-02', NULL),
(50, '2026-06-03', NULL),
(50, '2026-06-04', NULL),
(50, '2026-06-05', NULL),
(50, '2026-06-06', NULL),
(50, '2026-06-07', NULL),
(50, '2026-06-08', NULL),
(50, '2026-06-09', NULL),
(50, '2026-06-10', NULL),
(50, '2026-06-11', NULL),
(50, '2026-06-12', NULL),
(50, '2026-06-13', NULL),
(50, '2026-06-14', NULL),
(50, '2026-06-15', NULL),
(50, '2026-06-16', NULL),
(50, '2026-06-17', NULL),
(50, '2026-06-18', NULL),
(50, '2026-06-19', NULL),
(50, '2026-06-20', NULL),
(50, '2026-06-21', NULL),
(50, '2026-06-22', NULL),
(50, '2026-06-23', NULL),
(50, '2026-06-24', NULL),
(50, '2026-06-25', NULL),
(50, '2026-06-26', NULL),
(50, '2026-06-27', NULL),
(50, '2026-06-28', NULL),
(50, '2026-06-29', NULL),
(50, '2026-06-30', NULL),
(50, '2026-07-01', NULL),
(50, '2026-07-02', NULL),
(50, '2026-07-03', NULL),
(50, '2026-07-04', NULL),
(50, '2026-07-05', NULL),
(50, '2026-07-06', NULL),
(50, '2026-07-07', NULL),
(50, '2026-07-08', NULL),
(50, '2026-07-09', NULL),
(50, '2026-07-10', NULL),
(50, '2026-07-11', NULL),
(50, '2026-07-12', NULL),
(50, '2026-07-13', NULL),
(50, '2026-07-14', NULL),
(50, '2026-07-15', NULL),
(50, '2026-07-16', NULL),
(50, '2026-07-17', NULL),
(50, '2026-07-18', NULL),
(50, '2026-07-19', NULL),
(50, '2026-07-20', NULL),
(50, '2026-07-21', NULL),
(50, '2026-07-22', NULL),
(50, '2026-07-23', NULL),
(50, '2026-07-24', NULL),
(50, '2026-07-25', NULL),
(50, '2026-07-26', NULL),
(50, '2026-07-27', NULL),
(50, '2026-07-28', NULL),
(50, '2026-07-29', NULL),
(50, '2026-07-30', NULL),
(50, '2026-07-31', NULL),
(50, '2026-08-01', NULL),
(50, '2026-08-02', NULL),
(50, '2026-08-03', NULL),
(50, '2026-08-04', NULL),
(50, '2026-08-05', NULL),
(50, '2026-08-06', NULL),
(50, '2026-08-07', NULL),
(50, '2026-08-08', NULL),
(50, '2026-08-09', NULL),
(50, '2026-08-10', NULL),
(50, '2026-08-11', NULL),
(50, '2026-08-12', NULL),
(50, '2026-08-13', NULL),
(50, '2026-08-14', NULL),
(50, '2026-08-15', NULL),
(50, '2026-08-16', NULL),
(50, '2026-08-17', NULL),
(50, '2026-08-18', NULL),
(50, '2026-08-19', NULL),
(50, '2026-08-20', NULL),
(50, '2026-08-21', NULL),
(50, '2026-08-22', NULL),
(50, '2026-08-23', NULL),
(50, '2026-08-24', NULL),
(50, '2026-08-25', NULL),
(50, '2026-08-26', NULL),
(50, '2026-08-27', NULL),
(50, '2026-08-28', NULL),
(50, '2026-08-29', NULL),
(50, '2026-08-30', NULL),
(50, '2026-08-31', NULL),
(50, '2026-09-01', NULL),
(50, '2026-09-02', NULL),
(50, '2026-09-03', NULL),
(50, '2026-09-04', NULL),
(50, '2026-09-05', NULL),
(50, '2026-09-06', NULL),
(50, '2026-09-07', NULL),
(50, '2026-09-08', NULL),
(50, '2026-09-09', NULL),
(50, '2026-09-10', NULL),
(50, '2026-09-11', NULL),
(50, '2026-09-12', NULL),
(50, '2026-09-13', NULL),
(50, '2026-09-14', NULL),
(50, '2026-09-15', NULL),
(51, '2026-06-01', NULL),
(51, '2026-06-02', NULL),
(51, '2026-06-03', NULL),
(51, '2026-06-04', NULL),
(51, '2026-06-05', NULL),
(51, '2026-06-06', NULL),
(51, '2026-06-07', NULL),
(51, '2026-06-08', NULL),
(51, '2026-06-09', NULL),
(51, '2026-06-10', NULL),
(51, '2026-06-11', NULL),
(51, '2026-06-12', NULL),
(51, '2026-06-13', NULL),
(51, '2026-06-14', NULL),
(51, '2026-06-15', NULL),
(51, '2026-06-16', NULL),
(51, '2026-06-17', NULL),
(51, '2026-06-18', NULL),
(51, '2026-06-19', NULL),
(51, '2026-06-20', NULL),
(51, '2026-06-21', NULL),
(51, '2026-06-22', NULL),
(51, '2026-06-23', NULL),
(51, '2026-06-24', NULL),
(51, '2026-06-25', NULL),
(51, '2026-06-26', NULL),
(51, '2026-06-27', NULL),
(51, '2026-06-28', NULL),
(51, '2026-06-29', NULL),
(51, '2026-06-30', NULL),
(51, '2026-07-01', NULL),
(51, '2026-07-02', NULL),
(51, '2026-07-03', NULL),
(51, '2026-07-04', NULL),
(51, '2026-07-05', NULL),
(51, '2026-07-06', NULL),
(51, '2026-07-07', NULL),
(51, '2026-07-08', NULL),
(51, '2026-07-09', NULL),
(51, '2026-07-10', NULL),
(51, '2026-07-11', NULL),
(51, '2026-07-12', NULL),
(51, '2026-07-13', NULL),
(51, '2026-07-14', NULL),
(51, '2026-07-15', NULL),
(51, '2026-07-16', NULL),
(51, '2026-07-17', NULL),
(51, '2026-07-18', NULL),
(51, '2026-07-19', NULL),
(51, '2026-07-20', NULL),
(51, '2026-07-21', NULL),
(51, '2026-07-22', NULL),
(51, '2026-07-23', NULL),
(51, '2026-07-24', NULL),
(51, '2026-07-25', NULL),
(51, '2026-07-26', NULL),
(51, '2026-07-27', NULL),
(51, '2026-07-28', NULL),
(51, '2026-07-29', NULL),
(51, '2026-07-30', NULL),
(51, '2026-07-31', NULL),
(51, '2026-08-01', NULL),
(51, '2026-08-02', NULL),
(51, '2026-08-03', NULL),
(51, '2026-08-04', NULL),
(51, '2026-08-05', NULL),
(51, '2026-08-06', NULL),
(51, '2026-08-07', NULL),
(51, '2026-08-08', NULL),
(51, '2026-08-09', NULL),
(51, '2026-08-10', NULL),
(51, '2026-08-11', NULL),
(51, '2026-08-12', NULL),
(51, '2026-08-13', NULL),
(51, '2026-08-14', NULL),
(51, '2026-08-15', NULL),
(51, '2026-08-16', NULL),
(51, '2026-08-17', NULL),
(51, '2026-08-18', NULL),
(51, '2026-08-19', NULL),
(51, '2026-08-20', NULL),
(51, '2026-08-21', NULL),
(51, '2026-08-22', NULL),
(51, '2026-08-23', NULL),
(51, '2026-08-24', NULL),
(51, '2026-08-25', NULL),
(51, '2026-08-26', NULL),
(51, '2026-08-27', NULL),
(51, '2026-08-28', NULL),
(51, '2026-08-29', NULL),
(51, '2026-08-30', NULL),
(51, '2026-08-31', NULL),
(51, '2026-09-01', NULL),
(51, '2026-09-02', NULL),
(51, '2026-09-03', NULL),
(51, '2026-09-04', NULL),
(51, '2026-09-05', NULL),
(51, '2026-09-06', NULL),
(51, '2026-09-07', NULL),
(51, '2026-09-08', NULL),
(51, '2026-09-09', NULL),
(51, '2026-09-10', NULL),
(51, '2026-09-11', NULL),
(51, '2026-09-12', NULL),
(51, '2026-09-13', NULL),
(51, '2026-09-14', NULL),
(51, '2026-09-15', NULL),
(52, '2026-06-01', NULL),
(52, '2026-06-02', NULL),
(52, '2026-06-03', NULL),
(52, '2026-06-04', NULL),
(52, '2026-06-05', NULL),
(52, '2026-06-06', NULL),
(52, '2026-06-07', NULL),
(52, '2026-06-08', NULL),
(52, '2026-06-09', NULL),
(52, '2026-06-10', NULL),
(52, '2026-06-11', NULL),
(52, '2026-06-12', NULL),
(52, '2026-06-13', NULL),
(52, '2026-06-14', NULL),
(52, '2026-06-15', NULL),
(52, '2026-06-16', NULL),
(52, '2026-06-17', NULL),
(52, '2026-06-18', NULL),
(52, '2026-06-19', NULL),
(52, '2026-06-20', NULL),
(52, '2026-06-21', NULL),
(52, '2026-06-22', NULL),
(52, '2026-06-23', NULL),
(52, '2026-06-24', NULL),
(52, '2026-06-25', NULL),
(52, '2026-06-26', NULL),
(52, '2026-06-27', NULL),
(52, '2026-06-28', NULL),
(52, '2026-06-29', NULL),
(52, '2026-06-30', NULL),
(52, '2026-07-01', NULL),
(52, '2026-07-02', NULL),
(52, '2026-07-03', NULL),
(52, '2026-07-04', NULL),
(52, '2026-07-05', NULL),
(52, '2026-07-06', NULL),
(52, '2026-07-07', NULL),
(52, '2026-07-08', NULL),
(52, '2026-07-09', NULL),
(52, '2026-07-10', NULL),
(52, '2026-07-11', NULL),
(52, '2026-07-12', NULL),
(52, '2026-07-13', NULL),
(52, '2026-07-14', NULL),
(52, '2026-07-15', NULL),
(52, '2026-07-16', NULL),
(52, '2026-07-17', NULL),
(52, '2026-07-18', NULL),
(52, '2026-07-19', NULL),
(52, '2026-07-20', NULL),
(52, '2026-07-21', NULL),
(52, '2026-07-22', NULL),
(52, '2026-07-23', NULL),
(52, '2026-07-24', NULL),
(52, '2026-07-25', NULL),
(52, '2026-07-26', NULL),
(52, '2026-07-27', NULL),
(52, '2026-07-28', NULL),
(52, '2026-07-29', NULL),
(52, '2026-07-30', NULL),
(52, '2026-07-31', NULL),
(52, '2026-08-01', NULL),
(52, '2026-08-02', NULL),
(52, '2026-08-03', NULL),
(52, '2026-08-04', NULL),
(52, '2026-08-05', NULL),
(52, '2026-08-06', NULL),
(52, '2026-08-07', NULL),
(52, '2026-08-08', NULL),
(52, '2026-08-09', NULL),
(52, '2026-08-10', NULL),
(52, '2026-08-11', NULL),
(52, '2026-08-12', NULL),
(52, '2026-08-13', NULL),
(52, '2026-08-14', NULL),
(52, '2026-08-15', NULL),
(52, '2026-08-16', NULL),
(52, '2026-08-17', NULL),
(52, '2026-08-18', NULL),
(52, '2026-08-19', NULL),
(52, '2026-08-20', NULL),
(52, '2026-08-21', NULL),
(52, '2026-08-22', NULL),
(52, '2026-08-23', NULL),
(52, '2026-08-24', NULL),
(52, '2026-08-25', NULL),
(52, '2026-08-26', NULL),
(52, '2026-08-27', NULL),
(52, '2026-08-28', NULL),
(52, '2026-08-29', NULL),
(52, '2026-08-30', NULL),
(52, '2026-08-31', NULL),
(52, '2026-09-01', NULL),
(52, '2026-09-02', NULL),
(52, '2026-09-03', NULL),
(52, '2026-09-04', NULL),
(52, '2026-09-05', NULL),
(52, '2026-09-06', NULL),
(52, '2026-09-07', NULL),
(52, '2026-09-08', NULL),
(52, '2026-09-09', NULL),
(52, '2026-09-10', NULL),
(52, '2026-09-11', NULL),
(52, '2026-09-12', NULL),
(52, '2026-09-13', NULL),
(52, '2026-09-14', NULL),
(52, '2026-09-15', NULL),
(53, '2026-06-01', NULL),
(53, '2026-06-02', NULL),
(53, '2026-06-03', NULL),
(53, '2026-06-04', NULL),
(53, '2026-06-05', NULL),
(53, '2026-06-06', NULL),
(53, '2026-06-07', NULL),
(53, '2026-06-08', NULL),
(53, '2026-06-09', NULL),
(53, '2026-06-10', NULL),
(53, '2026-06-11', NULL),
(53, '2026-06-12', NULL),
(53, '2026-06-13', NULL),
(53, '2026-06-14', NULL),
(53, '2026-06-15', NULL),
(53, '2026-06-16', NULL),
(53, '2026-06-17', NULL),
(53, '2026-06-18', NULL),
(53, '2026-06-19', NULL),
(53, '2026-06-20', NULL),
(53, '2026-06-21', NULL),
(53, '2026-06-22', NULL),
(53, '2026-06-23', NULL),
(53, '2026-06-24', NULL),
(53, '2026-06-25', NULL),
(53, '2026-06-26', NULL),
(53, '2026-06-27', NULL),
(53, '2026-06-28', NULL),
(53, '2026-06-29', NULL),
(53, '2026-06-30', NULL),
(53, '2026-07-01', NULL),
(53, '2026-07-02', NULL),
(53, '2026-07-03', NULL),
(53, '2026-07-04', NULL),
(53, '2026-07-05', NULL),
(53, '2026-07-06', NULL),
(53, '2026-07-07', NULL),
(53, '2026-07-08', NULL),
(53, '2026-07-09', NULL),
(53, '2026-07-10', NULL),
(53, '2026-07-11', NULL),
(53, '2026-07-12', NULL),
(53, '2026-07-13', NULL),
(53, '2026-07-14', NULL),
(53, '2026-07-15', NULL),
(53, '2026-07-16', NULL),
(53, '2026-07-17', NULL),
(53, '2026-07-18', NULL),
(53, '2026-07-19', NULL),
(53, '2026-07-20', NULL),
(53, '2026-07-21', NULL),
(53, '2026-07-22', NULL),
(53, '2026-07-23', NULL),
(53, '2026-07-24', NULL),
(53, '2026-07-25', NULL),
(53, '2026-07-26', NULL),
(53, '2026-07-27', NULL),
(53, '2026-07-28', NULL),
(53, '2026-07-29', NULL),
(53, '2026-07-30', NULL),
(53, '2026-07-31', NULL),
(53, '2026-08-01', NULL),
(53, '2026-08-02', NULL),
(53, '2026-08-03', NULL),
(53, '2026-08-04', NULL),
(53, '2026-08-05', NULL),
(53, '2026-08-06', NULL),
(53, '2026-08-07', NULL),
(53, '2026-08-08', NULL),
(53, '2026-08-09', NULL),
(53, '2026-08-10', NULL),
(53, '2026-08-11', NULL),
(53, '2026-08-12', NULL),
(53, '2026-08-13', NULL),
(53, '2026-08-14', NULL),
(53, '2026-08-15', NULL),
(53, '2026-08-16', NULL),
(53, '2026-08-17', NULL),
(53, '2026-08-18', NULL),
(53, '2026-08-19', NULL),
(53, '2026-08-20', NULL),
(53, '2026-08-21', NULL),
(53, '2026-08-22', NULL),
(53, '2026-08-23', NULL),
(53, '2026-08-24', NULL),
(53, '2026-08-25', NULL),
(53, '2026-08-26', NULL),
(53, '2026-08-27', NULL),
(53, '2026-08-28', NULL),
(53, '2026-08-29', NULL),
(53, '2026-08-30', NULL),
(53, '2026-08-31', NULL),
(53, '2026-09-01', NULL),
(53, '2026-09-02', NULL),
(53, '2026-09-03', NULL),
(53, '2026-09-04', NULL),
(53, '2026-09-05', NULL),
(53, '2026-09-06', NULL),
(53, '2026-09-07', NULL),
(53, '2026-09-08', NULL),
(53, '2026-09-09', NULL),
(53, '2026-09-10', NULL),
(53, '2026-09-11', NULL),
(53, '2026-09-12', NULL),
(53, '2026-09-13', NULL),
(53, '2026-09-14', NULL),
(53, '2026-09-15', NULL),
(54, '2026-06-01', NULL),
(54, '2026-06-02', NULL),
(54, '2026-06-03', NULL),
(54, '2026-06-04', NULL),
(54, '2026-06-05', NULL),
(54, '2026-06-06', NULL),
(54, '2026-06-07', NULL),
(54, '2026-06-08', NULL),
(54, '2026-06-09', NULL),
(54, '2026-06-10', NULL),
(54, '2026-06-11', NULL),
(54, '2026-06-12', NULL),
(54, '2026-06-13', NULL),
(54, '2026-06-14', NULL),
(54, '2026-06-15', NULL),
(54, '2026-06-16', NULL),
(54, '2026-06-17', NULL),
(54, '2026-06-18', NULL),
(54, '2026-06-19', NULL),
(54, '2026-06-20', NULL),
(54, '2026-06-21', NULL),
(54, '2026-06-22', NULL),
(54, '2026-06-23', NULL),
(54, '2026-06-24', NULL),
(54, '2026-06-25', NULL),
(54, '2026-06-26', NULL),
(54, '2026-06-27', NULL),
(54, '2026-06-28', NULL),
(54, '2026-06-29', NULL),
(54, '2026-06-30', NULL),
(54, '2026-07-01', NULL),
(54, '2026-07-02', NULL),
(54, '2026-07-03', NULL),
(54, '2026-07-04', NULL),
(54, '2026-07-05', NULL),
(54, '2026-07-06', NULL),
(54, '2026-07-07', NULL),
(54, '2026-07-08', NULL),
(54, '2026-07-09', NULL),
(54, '2026-07-10', NULL),
(54, '2026-07-11', NULL),
(54, '2026-07-12', NULL),
(54, '2026-07-13', NULL),
(54, '2026-07-14', NULL),
(54, '2026-07-15', NULL),
(54, '2026-07-16', NULL),
(54, '2026-07-17', NULL),
(54, '2026-07-18', NULL),
(54, '2026-07-19', NULL),
(54, '2026-07-20', NULL),
(54, '2026-07-21', NULL),
(54, '2026-07-22', NULL),
(54, '2026-07-23', NULL),
(54, '2026-07-24', NULL),
(54, '2026-07-25', NULL),
(54, '2026-07-26', NULL),
(54, '2026-07-27', NULL),
(54, '2026-07-28', NULL),
(54, '2026-07-29', NULL),
(54, '2026-07-30', NULL),
(54, '2026-07-31', NULL),
(54, '2026-08-01', NULL),
(54, '2026-08-02', NULL),
(54, '2026-08-03', NULL),
(54, '2026-08-04', NULL),
(54, '2026-08-05', NULL),
(54, '2026-08-06', NULL),
(54, '2026-08-07', NULL),
(54, '2026-08-08', NULL),
(54, '2026-08-09', NULL),
(54, '2026-08-10', NULL),
(54, '2026-08-11', NULL),
(54, '2026-08-12', NULL),
(54, '2026-08-13', NULL),
(54, '2026-08-14', NULL),
(54, '2026-08-15', NULL),
(54, '2026-08-16', NULL),
(54, '2026-08-17', NULL),
(54, '2026-08-18', NULL),
(54, '2026-08-19', NULL),
(54, '2026-08-20', NULL),
(54, '2026-08-21', NULL),
(54, '2026-08-22', NULL),
(54, '2026-08-23', NULL),
(54, '2026-08-24', NULL),
(54, '2026-08-25', NULL),
(54, '2026-08-26', NULL),
(54, '2026-08-27', NULL),
(54, '2026-08-28', NULL),
(54, '2026-08-29', NULL),
(54, '2026-08-30', NULL),
(54, '2026-08-31', NULL),
(54, '2026-09-01', NULL),
(54, '2026-09-02', NULL),
(54, '2026-09-03', NULL),
(54, '2026-09-04', NULL),
(54, '2026-09-05', NULL),
(54, '2026-09-06', NULL),
(54, '2026-09-07', NULL),
(54, '2026-09-08', NULL),
(54, '2026-09-09', NULL),
(54, '2026-09-10', NULL),
(54, '2026-09-11', NULL),
(54, '2026-09-12', NULL),
(54, '2026-09-13', NULL),
(54, '2026-09-14', NULL),
(54, '2026-09-15', NULL),
(55, '2026-06-01', NULL),
(55, '2026-06-02', NULL),
(55, '2026-06-03', NULL),
(55, '2026-06-04', NULL),
(55, '2026-06-05', NULL),
(55, '2026-06-06', NULL),
(55, '2026-06-07', NULL),
(55, '2026-06-08', NULL),
(55, '2026-06-09', NULL),
(55, '2026-06-10', NULL),
(55, '2026-06-11', NULL),
(55, '2026-06-12', NULL),
(55, '2026-06-13', NULL),
(55, '2026-06-14', NULL),
(55, '2026-06-15', NULL),
(55, '2026-06-16', NULL),
(55, '2026-06-17', NULL),
(55, '2026-06-18', NULL),
(55, '2026-06-19', NULL),
(55, '2026-06-20', NULL),
(55, '2026-06-21', NULL),
(55, '2026-06-22', NULL),
(55, '2026-06-23', NULL),
(55, '2026-06-24', NULL),
(55, '2026-06-25', NULL),
(55, '2026-06-26', NULL),
(55, '2026-06-27', NULL),
(55, '2026-06-28', NULL),
(55, '2026-06-29', NULL),
(55, '2026-06-30', NULL),
(55, '2026-07-01', NULL),
(55, '2026-07-02', NULL),
(55, '2026-07-03', NULL),
(55, '2026-07-04', NULL),
(55, '2026-07-05', NULL),
(55, '2026-07-06', NULL),
(55, '2026-07-07', NULL),
(55, '2026-07-08', NULL),
(55, '2026-07-09', NULL),
(55, '2026-07-10', NULL),
(55, '2026-07-11', NULL),
(55, '2026-07-12', NULL),
(55, '2026-07-13', NULL),
(55, '2026-07-14', NULL),
(55, '2026-07-15', NULL),
(55, '2026-07-16', NULL),
(55, '2026-07-17', NULL),
(55, '2026-07-18', NULL),
(55, '2026-07-19', NULL),
(55, '2026-07-20', NULL),
(55, '2026-07-21', NULL),
(55, '2026-07-22', NULL),
(55, '2026-07-23', NULL),
(55, '2026-07-24', NULL),
(55, '2026-07-25', NULL),
(55, '2026-07-26', NULL),
(55, '2026-07-27', NULL),
(55, '2026-07-28', NULL),
(55, '2026-07-29', NULL),
(55, '2026-07-30', NULL),
(55, '2026-07-31', NULL),
(55, '2026-08-01', NULL),
(55, '2026-08-02', NULL),
(55, '2026-08-03', NULL),
(55, '2026-08-04', NULL),
(55, '2026-08-05', NULL),
(55, '2026-08-06', NULL),
(55, '2026-08-07', NULL),
(55, '2026-08-08', NULL),
(55, '2026-08-09', NULL),
(55, '2026-08-10', NULL),
(55, '2026-08-11', NULL),
(55, '2026-08-12', NULL),
(55, '2026-08-13', NULL),
(55, '2026-08-14', NULL),
(55, '2026-08-15', NULL),
(55, '2026-08-16', NULL),
(55, '2026-08-17', NULL),
(55, '2026-08-18', NULL),
(55, '2026-08-19', NULL),
(55, '2026-08-20', NULL),
(55, '2026-08-21', NULL),
(55, '2026-08-22', NULL),
(55, '2026-08-23', NULL),
(55, '2026-08-24', NULL),
(55, '2026-08-25', NULL),
(55, '2026-08-26', NULL),
(55, '2026-08-27', NULL),
(55, '2026-08-28', NULL),
(55, '2026-08-29', NULL),
(55, '2026-08-30', NULL),
(55, '2026-08-31', NULL),
(55, '2026-09-01', NULL),
(55, '2026-09-02', NULL),
(55, '2026-09-03', NULL),
(55, '2026-09-04', NULL),
(55, '2026-09-05', NULL),
(55, '2026-09-06', NULL),
(55, '2026-09-07', NULL),
(55, '2026-09-08', NULL),
(55, '2026-09-09', NULL),
(55, '2026-09-10', NULL),
(55, '2026-09-11', NULL),
(55, '2026-09-12', NULL),
(55, '2026-09-13', NULL),
(55, '2026-09-14', NULL),
(55, '2026-09-15', NULL),
(56, '2026-06-01', NULL),
(56, '2026-06-02', NULL),
(56, '2026-06-03', NULL),
(56, '2026-06-04', NULL),
(56, '2026-06-05', NULL),
(56, '2026-06-06', NULL),
(56, '2026-06-07', NULL),
(56, '2026-06-08', NULL),
(56, '2026-06-09', NULL),
(56, '2026-06-10', NULL),
(56, '2026-06-11', NULL),
(56, '2026-06-12', NULL),
(56, '2026-06-13', NULL),
(56, '2026-06-14', NULL),
(56, '2026-06-15', NULL),
(56, '2026-06-16', NULL),
(56, '2026-06-17', NULL),
(56, '2026-06-18', NULL),
(56, '2026-06-19', NULL),
(56, '2026-06-20', NULL),
(56, '2026-06-21', NULL),
(56, '2026-06-22', NULL),
(56, '2026-06-23', NULL),
(56, '2026-06-24', NULL),
(56, '2026-06-25', NULL),
(56, '2026-06-26', NULL),
(56, '2026-06-27', NULL),
(56, '2026-06-28', NULL),
(56, '2026-06-29', NULL),
(56, '2026-06-30', NULL),
(56, '2026-07-01', NULL),
(56, '2026-07-02', NULL),
(56, '2026-07-03', NULL),
(56, '2026-07-04', NULL),
(56, '2026-07-05', NULL),
(56, '2026-07-06', NULL),
(56, '2026-07-07', NULL),
(56, '2026-07-08', NULL),
(56, '2026-07-09', NULL),
(56, '2026-07-10', NULL),
(56, '2026-07-11', NULL),
(56, '2026-07-12', NULL),
(56, '2026-07-13', NULL),
(56, '2026-07-14', NULL),
(56, '2026-07-15', NULL),
(56, '2026-07-16', NULL),
(56, '2026-07-17', NULL),
(56, '2026-07-18', NULL),
(56, '2026-07-19', NULL),
(56, '2026-07-20', NULL),
(56, '2026-07-21', NULL),
(56, '2026-07-22', NULL),
(56, '2026-07-23', NULL),
(56, '2026-07-24', NULL),
(56, '2026-07-25', NULL),
(56, '2026-07-26', NULL),
(56, '2026-07-27', NULL),
(56, '2026-07-28', NULL),
(56, '2026-07-29', NULL),
(56, '2026-07-30', NULL),
(56, '2026-07-31', NULL),
(56, '2026-08-01', NULL),
(56, '2026-08-02', NULL),
(56, '2026-08-03', NULL),
(56, '2026-08-04', NULL),
(56, '2026-08-05', NULL),
(56, '2026-08-06', NULL),
(56, '2026-08-07', NULL),
(56, '2026-08-08', NULL),
(56, '2026-08-09', NULL),
(56, '2026-08-10', NULL),
(56, '2026-08-11', NULL),
(56, '2026-08-12', NULL),
(56, '2026-08-13', NULL),
(56, '2026-08-14', NULL),
(56, '2026-08-15', NULL),
(56, '2026-08-16', NULL),
(56, '2026-08-17', NULL),
(56, '2026-08-18', NULL),
(56, '2026-08-19', NULL),
(56, '2026-08-20', NULL),
(56, '2026-08-21', NULL),
(56, '2026-08-22', NULL),
(56, '2026-08-23', NULL),
(56, '2026-08-24', NULL),
(56, '2026-08-25', NULL),
(56, '2026-08-26', NULL),
(56, '2026-08-27', NULL),
(56, '2026-08-28', NULL),
(56, '2026-08-29', NULL),
(56, '2026-08-30', NULL),
(56, '2026-08-31', NULL),
(56, '2026-09-01', NULL),
(56, '2026-09-02', NULL),
(56, '2026-09-03', NULL),
(56, '2026-09-04', NULL),
(56, '2026-09-05', NULL),
(56, '2026-09-06', NULL),
(56, '2026-09-07', NULL),
(56, '2026-09-08', NULL),
(56, '2026-09-09', NULL),
(56, '2026-09-10', NULL),
(56, '2026-09-11', NULL),
(56, '2026-09-12', NULL),
(56, '2026-09-13', NULL),
(56, '2026-09-14', NULL),
(56, '2026-09-15', NULL),
(57, '2026-06-01', NULL),
(57, '2026-06-02', NULL),
(57, '2026-06-03', NULL),
(57, '2026-06-04', NULL),
(57, '2026-06-05', NULL),
(57, '2026-06-06', NULL),
(57, '2026-06-07', NULL),
(57, '2026-06-08', NULL),
(57, '2026-06-09', NULL),
(57, '2026-06-10', NULL),
(57, '2026-06-11', NULL),
(57, '2026-06-12', NULL),
(57, '2026-06-13', NULL),
(57, '2026-06-14', NULL),
(57, '2026-06-15', NULL),
(57, '2026-06-16', NULL),
(57, '2026-06-17', NULL),
(57, '2026-06-18', NULL),
(57, '2026-06-19', NULL),
(57, '2026-06-20', NULL),
(57, '2026-06-21', NULL),
(57, '2026-06-22', NULL),
(57, '2026-06-23', NULL),
(57, '2026-06-24', NULL),
(57, '2026-06-25', NULL),
(57, '2026-06-26', NULL),
(57, '2026-06-27', NULL),
(57, '2026-06-28', NULL),
(57, '2026-06-29', NULL),
(57, '2026-06-30', NULL),
(57, '2026-07-01', NULL),
(57, '2026-07-02', NULL),
(57, '2026-07-03', NULL),
(57, '2026-07-04', NULL),
(57, '2026-07-05', NULL),
(57, '2026-07-06', NULL),
(57, '2026-07-07', NULL),
(57, '2026-07-08', NULL),
(57, '2026-07-09', NULL),
(57, '2026-07-10', NULL),
(57, '2026-07-11', NULL),
(57, '2026-07-12', NULL),
(57, '2026-07-13', NULL),
(57, '2026-07-14', NULL),
(57, '2026-07-15', NULL),
(57, '2026-07-16', NULL),
(57, '2026-07-17', NULL),
(57, '2026-07-18', NULL),
(57, '2026-07-19', NULL),
(57, '2026-07-20', NULL),
(57, '2026-07-21', NULL),
(57, '2026-07-22', NULL),
(57, '2026-07-23', NULL),
(57, '2026-07-24', NULL),
(57, '2026-07-25', NULL),
(57, '2026-07-26', NULL),
(57, '2026-07-27', NULL),
(57, '2026-07-28', NULL),
(57, '2026-07-29', NULL),
(57, '2026-07-30', NULL),
(57, '2026-07-31', NULL),
(57, '2026-08-01', NULL),
(57, '2026-08-02', NULL),
(57, '2026-08-03', NULL),
(57, '2026-08-04', NULL),
(57, '2026-08-05', NULL),
(57, '2026-08-06', NULL),
(57, '2026-08-07', NULL),
(57, '2026-08-08', NULL),
(57, '2026-08-09', NULL),
(57, '2026-08-10', NULL),
(57, '2026-08-11', NULL),
(57, '2026-08-12', NULL),
(57, '2026-08-13', NULL),
(57, '2026-08-14', NULL),
(57, '2026-08-15', NULL),
(57, '2026-08-16', NULL),
(57, '2026-08-17', NULL),
(57, '2026-08-18', NULL),
(57, '2026-08-19', NULL),
(57, '2026-08-20', NULL),
(57, '2026-08-21', NULL),
(57, '2026-08-22', NULL),
(57, '2026-08-23', NULL),
(57, '2026-08-24', NULL),
(57, '2026-08-25', NULL),
(57, '2026-08-26', NULL),
(57, '2026-08-27', NULL),
(57, '2026-08-28', NULL),
(57, '2026-08-29', NULL),
(57, '2026-08-30', NULL),
(57, '2026-08-31', NULL),
(57, '2026-09-01', NULL),
(57, '2026-09-02', NULL),
(57, '2026-09-03', NULL),
(57, '2026-09-04', NULL),
(57, '2026-09-05', NULL),
(57, '2026-09-06', NULL),
(57, '2026-09-07', NULL),
(57, '2026-09-08', NULL),
(57, '2026-09-09', NULL),
(57, '2026-09-10', NULL),
(57, '2026-09-11', NULL),
(57, '2026-09-12', NULL),
(57, '2026-09-13', NULL),
(57, '2026-09-14', NULL),
(57, '2026-09-15', NULL),
(58, '2026-06-01', NULL),
(58, '2026-06-02', NULL),
(58, '2026-06-03', NULL),
(58, '2026-06-04', NULL),
(58, '2026-06-05', NULL),
(58, '2026-06-06', NULL),
(58, '2026-06-07', NULL),
(58, '2026-06-08', NULL),
(58, '2026-06-09', NULL),
(58, '2026-06-10', NULL),
(58, '2026-06-11', NULL),
(58, '2026-06-12', NULL),
(58, '2026-06-13', NULL),
(58, '2026-06-14', NULL),
(58, '2026-06-15', NULL),
(58, '2026-06-16', NULL),
(58, '2026-06-17', NULL),
(58, '2026-06-18', NULL),
(58, '2026-06-19', NULL),
(58, '2026-06-20', NULL),
(58, '2026-06-21', NULL),
(58, '2026-06-22', NULL),
(58, '2026-06-23', NULL),
(58, '2026-06-24', NULL),
(58, '2026-06-25', NULL),
(58, '2026-06-26', NULL),
(58, '2026-06-27', NULL),
(58, '2026-06-28', NULL),
(58, '2026-06-29', NULL),
(58, '2026-06-30', NULL),
(58, '2026-07-01', NULL),
(58, '2026-07-02', NULL),
(58, '2026-07-03', NULL),
(58, '2026-07-04', NULL),
(58, '2026-07-05', NULL),
(58, '2026-07-06', NULL),
(58, '2026-07-07', NULL),
(58, '2026-07-08', NULL),
(58, '2026-07-09', NULL),
(58, '2026-07-10', NULL),
(58, '2026-07-11', NULL),
(58, '2026-07-12', NULL),
(58, '2026-07-13', NULL),
(58, '2026-07-14', NULL),
(58, '2026-07-15', NULL),
(58, '2026-07-16', NULL),
(58, '2026-07-17', NULL),
(58, '2026-07-18', NULL),
(58, '2026-07-19', NULL),
(58, '2026-07-20', NULL),
(58, '2026-07-21', NULL),
(58, '2026-07-22', NULL),
(58, '2026-07-23', NULL),
(58, '2026-07-24', NULL),
(58, '2026-07-25', NULL),
(58, '2026-07-26', NULL),
(58, '2026-07-27', NULL),
(58, '2026-07-28', NULL),
(58, '2026-07-29', NULL),
(58, '2026-07-30', NULL),
(58, '2026-07-31', NULL),
(58, '2026-08-01', NULL),
(58, '2026-08-02', NULL),
(58, '2026-08-03', NULL),
(58, '2026-08-04', NULL),
(58, '2026-08-05', NULL),
(58, '2026-08-06', NULL),
(58, '2026-08-07', NULL),
(58, '2026-08-08', NULL),
(58, '2026-08-09', NULL),
(58, '2026-08-10', NULL),
(58, '2026-08-11', NULL),
(58, '2026-08-12', NULL),
(58, '2026-08-13', NULL),
(58, '2026-08-14', NULL),
(58, '2026-08-15', NULL),
(58, '2026-08-16', NULL),
(58, '2026-08-17', NULL),
(58, '2026-08-18', NULL),
(58, '2026-08-19', NULL),
(58, '2026-08-20', NULL),
(58, '2026-08-21', NULL),
(58, '2026-08-22', NULL),
(58, '2026-08-23', NULL),
(58, '2026-08-24', NULL),
(58, '2026-08-25', NULL),
(58, '2026-08-26', NULL),
(58, '2026-08-27', NULL),
(58, '2026-08-28', NULL),
(58, '2026-08-29', NULL),
(58, '2026-08-30', NULL),
(58, '2026-08-31', NULL),
(58, '2026-09-01', NULL),
(58, '2026-09-02', NULL),
(58, '2026-09-03', NULL),
(58, '2026-09-04', NULL),
(58, '2026-09-05', NULL),
(58, '2026-09-06', NULL),
(58, '2026-09-07', NULL),
(58, '2026-09-08', NULL),
(58, '2026-09-09', NULL),
(58, '2026-09-10', NULL),
(58, '2026-09-11', NULL),
(58, '2026-09-12', NULL),
(58, '2026-09-13', NULL),
(58, '2026-09-14', NULL),
(58, '2026-09-15', NULL),
(59, '2026-06-01', NULL),
(59, '2026-06-02', NULL),
(59, '2026-06-03', NULL),
(59, '2026-06-04', NULL),
(59, '2026-06-05', NULL),
(59, '2026-06-06', NULL),
(59, '2026-06-07', NULL),
(59, '2026-06-08', NULL),
(59, '2026-06-09', NULL),
(59, '2026-06-10', NULL),
(59, '2026-06-11', NULL),
(59, '2026-06-12', NULL),
(59, '2026-06-13', NULL),
(59, '2026-06-14', NULL),
(59, '2026-06-15', NULL),
(59, '2026-06-16', NULL),
(59, '2026-06-17', NULL),
(59, '2026-06-18', NULL),
(59, '2026-06-19', NULL),
(59, '2026-06-20', NULL),
(59, '2026-06-21', NULL),
(59, '2026-06-22', NULL),
(59, '2026-06-23', NULL),
(59, '2026-06-24', NULL),
(59, '2026-06-25', NULL),
(59, '2026-06-26', NULL),
(59, '2026-06-27', NULL),
(59, '2026-06-28', NULL),
(59, '2026-06-29', NULL),
(59, '2026-06-30', NULL),
(59, '2026-07-01', NULL),
(59, '2026-07-02', NULL),
(59, '2026-07-03', NULL),
(59, '2026-07-04', NULL),
(59, '2026-07-05', NULL),
(59, '2026-07-06', NULL),
(59, '2026-07-07', NULL),
(59, '2026-07-08', NULL),
(59, '2026-07-09', NULL),
(59, '2026-07-10', NULL),
(59, '2026-07-11', NULL),
(59, '2026-07-12', NULL),
(59, '2026-07-13', NULL),
(59, '2026-07-14', NULL),
(59, '2026-07-15', NULL),
(59, '2026-07-16', NULL),
(59, '2026-07-17', NULL),
(59, '2026-07-18', NULL),
(59, '2026-07-19', NULL),
(59, '2026-07-20', NULL),
(59, '2026-07-21', NULL),
(59, '2026-07-22', NULL),
(59, '2026-07-23', NULL),
(59, '2026-07-24', NULL),
(59, '2026-07-25', NULL),
(59, '2026-07-26', NULL),
(59, '2026-07-27', NULL),
(59, '2026-07-28', NULL),
(59, '2026-07-29', NULL),
(59, '2026-07-30', NULL),
(59, '2026-07-31', NULL),
(59, '2026-08-01', NULL),
(59, '2026-08-02', NULL),
(59, '2026-08-03', NULL),
(59, '2026-08-04', NULL),
(59, '2026-08-05', NULL),
(59, '2026-08-06', NULL),
(59, '2026-08-07', NULL),
(59, '2026-08-08', NULL),
(59, '2026-08-09', NULL),
(59, '2026-08-10', NULL),
(59, '2026-08-11', NULL),
(59, '2026-08-12', NULL),
(59, '2026-08-13', NULL),
(59, '2026-08-14', NULL);
INSERT INTO `giornodisponibilita` (`idOmbrellone`, `data`, `numProgrContratto`) VALUES
(59, '2026-08-15', NULL),
(59, '2026-08-16', NULL),
(59, '2026-08-17', NULL),
(59, '2026-08-18', NULL),
(59, '2026-08-19', NULL),
(59, '2026-08-20', NULL),
(59, '2026-08-21', NULL),
(59, '2026-08-22', NULL),
(59, '2026-08-23', NULL),
(59, '2026-08-24', NULL),
(59, '2026-08-25', NULL),
(59, '2026-08-26', NULL),
(59, '2026-08-27', NULL),
(59, '2026-08-28', NULL),
(59, '2026-08-29', NULL),
(59, '2026-08-30', NULL),
(59, '2026-08-31', NULL),
(59, '2026-09-01', NULL),
(59, '2026-09-02', NULL),
(59, '2026-09-03', NULL),
(59, '2026-09-04', NULL),
(59, '2026-09-05', NULL),
(59, '2026-09-06', NULL),
(59, '2026-09-07', NULL),
(59, '2026-09-08', NULL),
(59, '2026-09-09', NULL),
(59, '2026-09-10', NULL),
(59, '2026-09-11', NULL),
(59, '2026-09-12', NULL),
(59, '2026-09-13', NULL),
(59, '2026-09-14', NULL),
(59, '2026-09-15', NULL),
(60, '2026-06-01', NULL),
(60, '2026-06-02', NULL),
(60, '2026-06-03', NULL),
(60, '2026-06-04', NULL),
(60, '2026-06-05', NULL),
(60, '2026-06-06', NULL),
(60, '2026-06-07', NULL),
(60, '2026-06-08', NULL),
(60, '2026-06-09', NULL),
(60, '2026-06-10', NULL),
(60, '2026-06-11', NULL),
(60, '2026-06-12', NULL),
(60, '2026-06-13', NULL),
(60, '2026-06-14', NULL),
(60, '2026-06-15', NULL),
(60, '2026-06-16', NULL),
(60, '2026-06-17', NULL),
(60, '2026-06-18', NULL),
(60, '2026-06-19', NULL),
(60, '2026-06-20', NULL),
(60, '2026-06-21', NULL),
(60, '2026-06-22', NULL),
(60, '2026-06-23', NULL),
(60, '2026-06-24', NULL),
(60, '2026-06-25', NULL),
(60, '2026-06-26', NULL),
(60, '2026-06-27', NULL),
(60, '2026-06-28', NULL),
(60, '2026-06-29', NULL),
(60, '2026-06-30', NULL),
(60, '2026-07-01', NULL),
(60, '2026-07-02', NULL),
(60, '2026-07-03', NULL),
(60, '2026-07-04', NULL),
(60, '2026-07-05', NULL),
(60, '2026-07-06', NULL),
(60, '2026-07-07', NULL),
(60, '2026-07-08', NULL),
(60, '2026-07-09', NULL),
(60, '2026-07-10', NULL),
(60, '2026-07-11', NULL),
(60, '2026-07-12', NULL),
(60, '2026-07-13', NULL),
(60, '2026-07-14', NULL),
(60, '2026-07-15', NULL),
(60, '2026-07-16', NULL),
(60, '2026-07-17', NULL),
(60, '2026-07-18', NULL),
(60, '2026-07-19', NULL),
(60, '2026-07-20', NULL),
(60, '2026-07-21', NULL),
(60, '2026-07-22', NULL),
(60, '2026-07-23', NULL),
(60, '2026-07-24', NULL),
(60, '2026-07-25', NULL),
(60, '2026-07-26', NULL),
(60, '2026-07-27', NULL),
(60, '2026-07-28', NULL),
(60, '2026-07-29', NULL),
(60, '2026-07-30', NULL),
(60, '2026-07-31', NULL),
(60, '2026-08-01', NULL),
(60, '2026-08-02', NULL),
(60, '2026-08-03', NULL),
(60, '2026-08-04', NULL),
(60, '2026-08-05', NULL),
(60, '2026-08-06', NULL),
(60, '2026-08-07', NULL),
(60, '2026-08-08', NULL),
(60, '2026-08-09', NULL),
(60, '2026-08-10', NULL),
(60, '2026-08-11', NULL),
(60, '2026-08-12', NULL),
(60, '2026-08-13', NULL),
(60, '2026-08-14', NULL),
(60, '2026-08-15', NULL),
(60, '2026-08-16', NULL),
(60, '2026-08-17', NULL),
(60, '2026-08-18', NULL),
(60, '2026-08-19', NULL),
(60, '2026-08-20', NULL),
(60, '2026-08-21', NULL),
(60, '2026-08-22', NULL),
(60, '2026-08-23', NULL),
(60, '2026-08-24', NULL),
(60, '2026-08-25', NULL),
(60, '2026-08-26', NULL),
(60, '2026-08-27', NULL),
(60, '2026-08-28', NULL),
(60, '2026-08-29', NULL),
(60, '2026-08-30', NULL),
(60, '2026-08-31', NULL),
(60, '2026-09-01', NULL),
(60, '2026-09-02', NULL),
(60, '2026-09-03', NULL),
(60, '2026-09-04', NULL),
(60, '2026-09-05', NULL),
(60, '2026-09-06', NULL),
(60, '2026-09-07', NULL),
(60, '2026-09-08', NULL),
(60, '2026-09-09', NULL),
(60, '2026-09-10', NULL),
(60, '2026-09-11', NULL),
(60, '2026-09-12', NULL),
(60, '2026-09-13', NULL),
(60, '2026-09-14', NULL),
(60, '2026-09-15', NULL),
(61, '2026-06-01', NULL),
(61, '2026-06-02', NULL),
(61, '2026-06-03', NULL),
(61, '2026-06-04', NULL),
(61, '2026-06-05', NULL),
(61, '2026-06-06', NULL),
(61, '2026-06-07', NULL),
(61, '2026-06-08', NULL),
(61, '2026-06-09', NULL),
(61, '2026-06-10', NULL),
(61, '2026-06-11', NULL),
(61, '2026-06-12', NULL),
(61, '2026-06-13', NULL),
(61, '2026-06-14', NULL),
(61, '2026-06-15', NULL),
(61, '2026-06-16', NULL),
(61, '2026-06-17', NULL),
(61, '2026-06-18', NULL),
(61, '2026-06-19', NULL),
(61, '2026-06-20', NULL),
(61, '2026-06-21', NULL),
(61, '2026-06-22', NULL),
(61, '2026-06-23', NULL),
(61, '2026-06-24', NULL),
(61, '2026-06-25', NULL),
(61, '2026-06-26', NULL),
(61, '2026-06-27', NULL),
(61, '2026-06-28', NULL),
(61, '2026-06-29', NULL),
(61, '2026-06-30', NULL),
(61, '2026-07-01', NULL),
(61, '2026-07-02', NULL),
(61, '2026-07-03', NULL),
(61, '2026-07-04', NULL),
(61, '2026-07-05', NULL),
(61, '2026-07-06', NULL),
(61, '2026-07-07', NULL),
(61, '2026-07-08', NULL),
(61, '2026-07-09', NULL),
(61, '2026-07-10', NULL),
(61, '2026-07-11', NULL),
(61, '2026-07-12', NULL),
(61, '2026-07-13', NULL),
(61, '2026-07-14', NULL),
(61, '2026-07-15', NULL),
(61, '2026-07-16', NULL),
(61, '2026-07-17', NULL),
(61, '2026-07-18', NULL),
(61, '2026-07-19', NULL),
(61, '2026-07-20', NULL),
(61, '2026-07-21', NULL),
(61, '2026-07-22', NULL),
(61, '2026-07-23', NULL),
(61, '2026-07-24', NULL),
(61, '2026-07-25', NULL),
(61, '2026-07-26', NULL),
(61, '2026-07-27', NULL),
(61, '2026-07-28', NULL),
(61, '2026-07-29', NULL),
(61, '2026-07-30', NULL),
(61, '2026-07-31', NULL),
(61, '2026-08-01', NULL),
(61, '2026-08-02', NULL),
(61, '2026-08-03', NULL),
(61, '2026-08-04', NULL),
(61, '2026-08-05', NULL),
(61, '2026-08-06', NULL),
(61, '2026-08-07', NULL),
(61, '2026-08-08', NULL),
(61, '2026-08-09', NULL),
(61, '2026-08-10', NULL),
(61, '2026-08-11', NULL),
(61, '2026-08-12', NULL),
(61, '2026-08-13', NULL),
(61, '2026-08-14', NULL),
(61, '2026-08-15', NULL),
(61, '2026-08-16', NULL),
(61, '2026-08-17', NULL),
(61, '2026-08-18', NULL),
(61, '2026-08-19', NULL),
(61, '2026-08-20', NULL),
(61, '2026-08-21', NULL),
(61, '2026-08-22', NULL),
(61, '2026-08-23', NULL),
(61, '2026-08-24', NULL),
(61, '2026-08-25', NULL),
(61, '2026-08-26', NULL),
(61, '2026-08-27', NULL),
(61, '2026-08-28', NULL),
(61, '2026-08-29', NULL),
(61, '2026-08-30', NULL),
(61, '2026-08-31', NULL),
(61, '2026-09-01', NULL),
(61, '2026-09-02', NULL),
(61, '2026-09-03', NULL),
(61, '2026-09-04', NULL),
(61, '2026-09-05', NULL),
(61, '2026-09-06', NULL),
(61, '2026-09-07', NULL),
(61, '2026-09-08', NULL),
(61, '2026-09-09', NULL),
(61, '2026-09-10', NULL),
(61, '2026-09-11', NULL),
(61, '2026-09-12', NULL),
(61, '2026-09-13', NULL),
(61, '2026-09-14', NULL),
(61, '2026-09-15', NULL),
(62, '2026-06-01', NULL),
(62, '2026-06-02', NULL),
(62, '2026-06-03', NULL),
(62, '2026-06-04', NULL),
(62, '2026-06-05', NULL),
(62, '2026-06-06', NULL),
(62, '2026-06-07', NULL),
(62, '2026-06-08', NULL),
(62, '2026-06-09', NULL),
(62, '2026-06-10', NULL),
(62, '2026-06-11', NULL),
(62, '2026-06-12', NULL),
(62, '2026-06-13', NULL),
(62, '2026-06-14', NULL),
(62, '2026-06-15', NULL),
(62, '2026-06-16', NULL),
(62, '2026-06-17', NULL),
(62, '2026-06-18', NULL),
(62, '2026-06-19', NULL),
(62, '2026-06-20', NULL),
(62, '2026-06-21', NULL),
(62, '2026-06-22', NULL),
(62, '2026-06-23', NULL),
(62, '2026-06-24', NULL),
(62, '2026-06-25', NULL),
(62, '2026-06-26', NULL),
(62, '2026-06-27', NULL),
(62, '2026-06-28', NULL),
(62, '2026-06-29', NULL),
(62, '2026-06-30', NULL),
(62, '2026-07-01', NULL),
(62, '2026-07-02', NULL),
(62, '2026-07-03', NULL),
(62, '2026-07-04', NULL),
(62, '2026-07-05', NULL),
(62, '2026-07-06', NULL),
(62, '2026-07-07', NULL),
(62, '2026-07-08', NULL),
(62, '2026-07-09', NULL),
(62, '2026-07-10', NULL),
(62, '2026-07-11', NULL),
(62, '2026-07-12', NULL),
(62, '2026-07-13', NULL),
(62, '2026-07-14', NULL),
(62, '2026-07-15', NULL),
(62, '2026-07-16', NULL),
(62, '2026-07-17', NULL),
(62, '2026-07-18', NULL),
(62, '2026-07-19', NULL),
(62, '2026-07-20', NULL),
(62, '2026-07-21', NULL),
(62, '2026-07-22', NULL),
(62, '2026-07-23', NULL),
(62, '2026-07-24', NULL),
(62, '2026-07-25', NULL),
(62, '2026-07-26', NULL),
(62, '2026-07-27', NULL),
(62, '2026-07-28', NULL),
(62, '2026-07-29', NULL),
(62, '2026-07-30', NULL),
(62, '2026-07-31', NULL),
(62, '2026-08-01', NULL),
(62, '2026-08-02', NULL),
(62, '2026-08-03', NULL),
(62, '2026-08-04', NULL),
(62, '2026-08-05', NULL),
(62, '2026-08-06', NULL),
(62, '2026-08-07', NULL),
(62, '2026-08-08', NULL),
(62, '2026-08-09', NULL),
(62, '2026-08-10', NULL),
(62, '2026-08-11', NULL),
(62, '2026-08-12', NULL),
(62, '2026-08-13', NULL),
(62, '2026-08-14', NULL),
(62, '2026-08-15', NULL),
(62, '2026-08-16', NULL),
(62, '2026-08-17', NULL),
(62, '2026-08-18', NULL),
(62, '2026-08-19', NULL),
(62, '2026-08-20', NULL),
(62, '2026-08-21', NULL),
(62, '2026-08-22', NULL),
(62, '2026-08-23', NULL),
(62, '2026-08-24', NULL),
(62, '2026-08-25', NULL),
(62, '2026-08-26', NULL),
(62, '2026-08-27', NULL),
(62, '2026-08-28', NULL),
(62, '2026-08-29', NULL),
(62, '2026-08-30', NULL),
(62, '2026-08-31', NULL),
(62, '2026-09-01', NULL),
(62, '2026-09-02', NULL),
(62, '2026-09-03', NULL),
(62, '2026-09-04', NULL),
(62, '2026-09-05', NULL),
(62, '2026-09-06', NULL),
(62, '2026-09-07', NULL),
(62, '2026-09-08', NULL),
(62, '2026-09-09', NULL),
(62, '2026-09-10', NULL),
(62, '2026-09-11', NULL),
(62, '2026-09-12', NULL),
(62, '2026-09-13', NULL),
(62, '2026-09-14', NULL),
(62, '2026-09-15', NULL),
(63, '2026-06-01', NULL),
(63, '2026-06-02', NULL),
(63, '2026-06-03', NULL),
(63, '2026-06-04', NULL),
(63, '2026-06-05', NULL),
(63, '2026-06-06', NULL),
(63, '2026-06-07', NULL),
(63, '2026-06-08', NULL),
(63, '2026-06-09', NULL),
(63, '2026-06-10', NULL),
(63, '2026-06-11', NULL),
(63, '2026-06-12', NULL),
(63, '2026-06-13', NULL),
(63, '2026-06-14', NULL),
(63, '2026-06-15', NULL),
(63, '2026-06-16', NULL),
(63, '2026-06-17', NULL),
(63, '2026-06-18', NULL),
(63, '2026-06-19', NULL),
(63, '2026-06-20', NULL),
(63, '2026-06-21', NULL),
(63, '2026-06-22', NULL),
(63, '2026-06-23', NULL),
(63, '2026-06-24', NULL),
(63, '2026-06-25', NULL),
(63, '2026-06-26', NULL),
(63, '2026-06-27', NULL),
(63, '2026-06-28', NULL),
(63, '2026-06-29', NULL),
(63, '2026-06-30', NULL),
(63, '2026-07-01', NULL),
(63, '2026-07-02', NULL),
(63, '2026-07-03', NULL),
(63, '2026-07-04', NULL),
(63, '2026-07-05', NULL),
(63, '2026-07-06', NULL),
(63, '2026-07-07', NULL),
(63, '2026-07-08', NULL),
(63, '2026-07-09', NULL),
(63, '2026-07-10', NULL),
(63, '2026-07-11', NULL),
(63, '2026-07-12', NULL),
(63, '2026-07-13', NULL),
(63, '2026-07-14', NULL),
(63, '2026-07-15', NULL),
(63, '2026-07-16', NULL),
(63, '2026-07-17', NULL),
(63, '2026-07-18', NULL),
(63, '2026-07-19', NULL),
(63, '2026-07-20', NULL),
(63, '2026-07-21', NULL),
(63, '2026-07-22', NULL),
(63, '2026-07-23', NULL),
(63, '2026-07-24', NULL),
(63, '2026-07-25', NULL),
(63, '2026-07-26', NULL),
(63, '2026-07-27', NULL),
(63, '2026-07-28', NULL),
(63, '2026-07-29', NULL),
(63, '2026-07-30', NULL),
(63, '2026-07-31', NULL),
(63, '2026-08-01', NULL),
(63, '2026-08-02', NULL),
(63, '2026-08-03', NULL),
(63, '2026-08-04', NULL),
(63, '2026-08-05', NULL),
(63, '2026-08-06', NULL),
(63, '2026-08-07', NULL),
(63, '2026-08-08', NULL),
(63, '2026-08-09', NULL),
(63, '2026-08-10', NULL),
(63, '2026-08-11', NULL),
(63, '2026-08-12', NULL),
(63, '2026-08-13', NULL),
(63, '2026-08-14', NULL),
(63, '2026-08-15', NULL),
(63, '2026-08-16', NULL),
(63, '2026-08-17', NULL),
(63, '2026-08-18', NULL),
(63, '2026-08-19', NULL),
(63, '2026-08-20', NULL),
(63, '2026-08-21', NULL),
(63, '2026-08-22', NULL),
(63, '2026-08-23', NULL),
(63, '2026-08-24', NULL),
(63, '2026-08-25', NULL),
(63, '2026-08-26', NULL),
(63, '2026-08-27', NULL),
(63, '2026-08-28', NULL),
(63, '2026-08-29', NULL),
(63, '2026-08-30', NULL),
(63, '2026-08-31', NULL),
(63, '2026-09-01', NULL),
(63, '2026-09-02', NULL),
(63, '2026-09-03', NULL),
(63, '2026-09-04', NULL),
(63, '2026-09-05', NULL),
(63, '2026-09-06', NULL),
(63, '2026-09-07', NULL),
(63, '2026-09-08', NULL),
(63, '2026-09-09', NULL),
(63, '2026-09-10', NULL),
(63, '2026-09-11', NULL),
(63, '2026-09-12', NULL),
(63, '2026-09-13', NULL),
(63, '2026-09-14', NULL),
(63, '2026-09-15', NULL),
(64, '2026-06-01', NULL),
(64, '2026-06-02', NULL),
(64, '2026-06-03', NULL),
(64, '2026-06-04', NULL),
(64, '2026-06-05', NULL),
(64, '2026-06-06', NULL),
(64, '2026-06-07', NULL),
(64, '2026-06-08', NULL),
(64, '2026-06-09', NULL),
(64, '2026-06-10', NULL),
(64, '2026-06-11', NULL),
(64, '2026-06-12', NULL),
(64, '2026-06-13', NULL),
(64, '2026-06-14', NULL),
(64, '2026-06-15', NULL),
(64, '2026-06-16', NULL),
(64, '2026-06-17', NULL),
(64, '2026-06-18', NULL),
(64, '2026-06-19', NULL),
(64, '2026-06-20', NULL),
(64, '2026-06-21', NULL),
(64, '2026-06-22', NULL),
(64, '2026-06-23', NULL),
(64, '2026-06-24', NULL),
(64, '2026-06-25', NULL),
(64, '2026-06-26', NULL),
(64, '2026-06-27', NULL),
(64, '2026-06-28', NULL),
(64, '2026-06-29', NULL),
(64, '2026-06-30', NULL),
(64, '2026-07-01', NULL),
(64, '2026-07-02', NULL),
(64, '2026-07-03', NULL),
(64, '2026-07-04', NULL),
(64, '2026-07-05', NULL),
(64, '2026-07-06', NULL),
(64, '2026-07-07', NULL),
(64, '2026-07-08', NULL),
(64, '2026-07-09', NULL),
(64, '2026-07-10', NULL),
(64, '2026-07-11', NULL),
(64, '2026-07-12', NULL),
(64, '2026-07-13', NULL),
(64, '2026-07-14', NULL),
(64, '2026-07-15', NULL),
(64, '2026-07-16', NULL),
(64, '2026-07-17', NULL),
(64, '2026-07-18', NULL),
(64, '2026-07-19', NULL),
(64, '2026-07-20', NULL),
(64, '2026-07-21', NULL),
(64, '2026-07-22', NULL),
(64, '2026-07-23', NULL),
(64, '2026-07-24', NULL),
(64, '2026-07-25', NULL),
(64, '2026-07-26', NULL),
(64, '2026-07-27', NULL),
(64, '2026-07-28', NULL),
(64, '2026-07-29', NULL),
(64, '2026-07-30', NULL),
(64, '2026-07-31', NULL),
(64, '2026-08-01', NULL),
(64, '2026-08-02', NULL),
(64, '2026-08-03', NULL),
(64, '2026-08-04', NULL),
(64, '2026-08-05', NULL),
(64, '2026-08-06', NULL),
(64, '2026-08-07', NULL),
(64, '2026-08-08', NULL),
(64, '2026-08-09', NULL),
(64, '2026-08-10', NULL),
(64, '2026-08-11', NULL),
(64, '2026-08-12', NULL),
(64, '2026-08-13', NULL),
(64, '2026-08-14', NULL),
(64, '2026-08-15', NULL),
(64, '2026-08-16', NULL),
(64, '2026-08-17', NULL),
(64, '2026-08-18', NULL),
(64, '2026-08-19', NULL),
(64, '2026-08-20', NULL),
(64, '2026-08-21', NULL),
(64, '2026-08-22', NULL),
(64, '2026-08-23', NULL),
(64, '2026-08-24', NULL),
(64, '2026-08-25', NULL),
(64, '2026-08-26', NULL),
(64, '2026-08-27', NULL),
(64, '2026-08-28', NULL),
(64, '2026-08-29', NULL),
(64, '2026-08-30', NULL),
(64, '2026-08-31', NULL),
(64, '2026-09-01', NULL),
(64, '2026-09-02', NULL),
(64, '2026-09-03', NULL),
(64, '2026-09-04', NULL),
(64, '2026-09-05', NULL),
(64, '2026-09-06', NULL),
(64, '2026-09-07', NULL),
(64, '2026-09-08', NULL),
(64, '2026-09-09', NULL),
(64, '2026-09-10', NULL),
(64, '2026-09-11', NULL),
(64, '2026-09-12', NULL),
(64, '2026-09-13', NULL),
(64, '2026-09-14', NULL),
(64, '2026-09-15', NULL),
(65, '2026-06-01', NULL),
(65, '2026-06-02', NULL),
(65, '2026-06-03', NULL),
(65, '2026-06-04', NULL),
(65, '2026-06-05', NULL),
(65, '2026-06-06', NULL),
(65, '2026-06-07', NULL),
(65, '2026-06-08', NULL),
(65, '2026-06-09', NULL),
(65, '2026-06-10', NULL),
(65, '2026-06-11', NULL),
(65, '2026-06-12', NULL),
(65, '2026-06-13', NULL),
(65, '2026-06-14', NULL),
(65, '2026-06-15', NULL),
(65, '2026-06-16', NULL),
(65, '2026-06-17', NULL),
(65, '2026-06-18', NULL),
(65, '2026-06-19', NULL),
(65, '2026-06-20', NULL),
(65, '2026-06-21', NULL),
(65, '2026-06-22', NULL),
(65, '2026-06-23', NULL),
(65, '2026-06-24', NULL),
(65, '2026-06-25', NULL),
(65, '2026-06-26', NULL),
(65, '2026-06-27', NULL),
(65, '2026-06-28', NULL),
(65, '2026-06-29', NULL),
(65, '2026-06-30', NULL),
(65, '2026-07-01', NULL),
(65, '2026-07-02', NULL),
(65, '2026-07-03', NULL),
(65, '2026-07-04', NULL),
(65, '2026-07-05', NULL),
(65, '2026-07-06', NULL),
(65, '2026-07-07', NULL),
(65, '2026-07-08', NULL),
(65, '2026-07-09', NULL),
(65, '2026-07-10', NULL),
(65, '2026-07-11', NULL),
(65, '2026-07-12', NULL),
(65, '2026-07-13', NULL),
(65, '2026-07-14', NULL),
(65, '2026-07-15', NULL),
(65, '2026-07-16', NULL),
(65, '2026-07-17', NULL),
(65, '2026-07-18', NULL),
(65, '2026-07-19', NULL),
(65, '2026-07-20', NULL),
(65, '2026-07-21', NULL),
(65, '2026-07-22', NULL),
(65, '2026-07-23', NULL),
(65, '2026-07-24', NULL),
(65, '2026-07-25', NULL),
(65, '2026-07-26', NULL),
(65, '2026-07-27', NULL),
(65, '2026-07-28', NULL),
(65, '2026-07-29', NULL),
(65, '2026-07-30', NULL),
(65, '2026-07-31', NULL),
(65, '2026-08-01', NULL),
(65, '2026-08-02', NULL),
(65, '2026-08-03', NULL),
(65, '2026-08-04', NULL),
(65, '2026-08-05', NULL),
(65, '2026-08-06', NULL),
(65, '2026-08-07', NULL),
(65, '2026-08-08', NULL),
(65, '2026-08-09', NULL),
(65, '2026-08-10', NULL),
(65, '2026-08-11', NULL),
(65, '2026-08-12', NULL),
(65, '2026-08-13', NULL),
(65, '2026-08-14', NULL),
(65, '2026-08-15', NULL),
(65, '2026-08-16', NULL),
(65, '2026-08-17', NULL),
(65, '2026-08-18', NULL),
(65, '2026-08-19', NULL),
(65, '2026-08-20', NULL),
(65, '2026-08-21', NULL),
(65, '2026-08-22', NULL),
(65, '2026-08-23', NULL),
(65, '2026-08-24', NULL),
(65, '2026-08-25', NULL),
(65, '2026-08-26', NULL),
(65, '2026-08-27', NULL),
(65, '2026-08-28', NULL),
(65, '2026-08-29', NULL),
(65, '2026-08-30', NULL),
(65, '2026-08-31', NULL),
(65, '2026-09-01', NULL),
(65, '2026-09-02', NULL),
(65, '2026-09-03', NULL),
(65, '2026-09-04', NULL),
(65, '2026-09-05', NULL),
(65, '2026-09-06', NULL),
(65, '2026-09-07', NULL),
(65, '2026-09-08', NULL),
(65, '2026-09-09', NULL),
(65, '2026-09-10', NULL),
(65, '2026-09-11', NULL),
(65, '2026-09-12', NULL),
(65, '2026-09-13', NULL),
(65, '2026-09-14', NULL),
(65, '2026-09-15', NULL),
(66, '2026-06-01', NULL),
(66, '2026-06-02', NULL),
(66, '2026-06-03', NULL),
(66, '2026-06-04', NULL),
(66, '2026-06-05', NULL),
(66, '2026-06-06', NULL),
(66, '2026-06-07', NULL),
(66, '2026-06-08', NULL),
(66, '2026-06-09', NULL),
(66, '2026-06-10', NULL),
(66, '2026-06-11', NULL),
(66, '2026-06-12', NULL),
(66, '2026-06-13', NULL),
(66, '2026-06-14', NULL),
(66, '2026-06-15', NULL),
(66, '2026-06-16', NULL),
(66, '2026-06-17', NULL),
(66, '2026-06-18', NULL),
(66, '2026-06-19', NULL),
(66, '2026-06-20', NULL),
(66, '2026-06-21', NULL),
(66, '2026-06-22', NULL),
(66, '2026-06-23', NULL),
(66, '2026-06-24', NULL),
(66, '2026-06-25', NULL),
(66, '2026-06-26', NULL),
(66, '2026-06-27', NULL),
(66, '2026-06-28', NULL),
(66, '2026-06-29', NULL),
(66, '2026-06-30', NULL),
(66, '2026-07-01', NULL),
(66, '2026-07-02', NULL),
(66, '2026-07-03', NULL),
(66, '2026-07-04', NULL),
(66, '2026-07-05', NULL),
(66, '2026-07-06', NULL),
(66, '2026-07-07', NULL),
(66, '2026-07-08', NULL),
(66, '2026-07-09', NULL),
(66, '2026-07-10', NULL),
(66, '2026-07-11', NULL),
(66, '2026-07-12', NULL),
(66, '2026-07-13', NULL),
(66, '2026-07-14', NULL),
(66, '2026-07-15', NULL),
(66, '2026-07-16', NULL),
(66, '2026-07-17', NULL),
(66, '2026-07-18', NULL),
(66, '2026-07-19', NULL),
(66, '2026-07-20', NULL),
(66, '2026-07-21', NULL),
(66, '2026-07-22', NULL),
(66, '2026-07-23', NULL),
(66, '2026-07-24', NULL),
(66, '2026-07-25', NULL),
(66, '2026-07-26', NULL),
(66, '2026-07-27', NULL),
(66, '2026-07-28', NULL),
(66, '2026-07-29', NULL),
(66, '2026-07-30', NULL),
(66, '2026-07-31', NULL),
(66, '2026-08-01', NULL),
(66, '2026-08-02', NULL),
(66, '2026-08-03', NULL),
(66, '2026-08-04', NULL),
(66, '2026-08-05', NULL),
(66, '2026-08-06', NULL),
(66, '2026-08-07', NULL),
(66, '2026-08-08', NULL),
(66, '2026-08-09', NULL),
(66, '2026-08-10', NULL),
(66, '2026-08-11', NULL),
(66, '2026-08-12', NULL),
(66, '2026-08-13', NULL),
(66, '2026-08-14', NULL),
(66, '2026-08-15', NULL),
(66, '2026-08-16', NULL),
(66, '2026-08-17', NULL),
(66, '2026-08-18', NULL),
(66, '2026-08-19', NULL),
(66, '2026-08-20', NULL),
(66, '2026-08-21', NULL),
(66, '2026-08-22', NULL),
(66, '2026-08-23', NULL),
(66, '2026-08-24', NULL),
(66, '2026-08-25', NULL),
(66, '2026-08-26', NULL),
(66, '2026-08-27', NULL),
(66, '2026-08-28', NULL),
(66, '2026-08-29', NULL),
(66, '2026-08-30', NULL),
(66, '2026-08-31', NULL),
(66, '2026-09-01', NULL),
(66, '2026-09-02', NULL),
(66, '2026-09-03', NULL),
(66, '2026-09-04', NULL),
(66, '2026-09-05', NULL),
(66, '2026-09-06', NULL),
(66, '2026-09-07', NULL),
(66, '2026-09-08', NULL),
(66, '2026-09-09', NULL),
(66, '2026-09-10', NULL),
(66, '2026-09-11', NULL),
(66, '2026-09-12', NULL),
(66, '2026-09-13', NULL),
(66, '2026-09-14', NULL),
(66, '2026-09-15', NULL),
(67, '2026-06-01', NULL),
(67, '2026-06-02', NULL),
(67, '2026-06-03', NULL),
(67, '2026-06-04', NULL),
(67, '2026-06-05', NULL),
(67, '2026-06-06', NULL),
(67, '2026-06-07', NULL),
(67, '2026-06-08', NULL),
(67, '2026-06-09', NULL),
(67, '2026-06-10', NULL),
(67, '2026-06-11', NULL),
(67, '2026-06-12', NULL),
(67, '2026-06-13', NULL),
(67, '2026-06-14', NULL),
(67, '2026-06-15', NULL),
(67, '2026-06-16', NULL),
(67, '2026-06-17', NULL),
(67, '2026-06-18', NULL),
(67, '2026-06-19', NULL),
(67, '2026-06-20', NULL),
(67, '2026-06-21', NULL),
(67, '2026-06-22', NULL),
(67, '2026-06-23', NULL),
(67, '2026-06-24', NULL),
(67, '2026-06-25', NULL),
(67, '2026-06-26', NULL),
(67, '2026-06-27', NULL),
(67, '2026-06-28', NULL),
(67, '2026-06-29', NULL),
(67, '2026-06-30', NULL),
(67, '2026-07-01', NULL),
(67, '2026-07-02', NULL),
(67, '2026-07-03', NULL),
(67, '2026-07-04', NULL),
(67, '2026-07-05', NULL),
(67, '2026-07-06', NULL),
(67, '2026-07-07', NULL),
(67, '2026-07-08', NULL),
(67, '2026-07-09', NULL),
(67, '2026-07-10', NULL),
(67, '2026-07-11', NULL),
(67, '2026-07-12', NULL),
(67, '2026-07-13', NULL),
(67, '2026-07-14', NULL),
(67, '2026-07-15', NULL),
(67, '2026-07-16', NULL),
(67, '2026-07-17', NULL),
(67, '2026-07-18', NULL),
(67, '2026-07-19', NULL),
(67, '2026-07-20', NULL),
(67, '2026-07-21', NULL),
(67, '2026-07-22', NULL),
(67, '2026-07-23', NULL),
(67, '2026-07-24', NULL),
(67, '2026-07-25', NULL),
(67, '2026-07-26', NULL),
(67, '2026-07-27', NULL),
(67, '2026-07-28', NULL),
(67, '2026-07-29', NULL),
(67, '2026-07-30', NULL),
(67, '2026-07-31', NULL),
(67, '2026-08-01', NULL),
(67, '2026-08-02', NULL),
(67, '2026-08-03', NULL),
(67, '2026-08-04', NULL),
(67, '2026-08-05', NULL),
(67, '2026-08-06', NULL),
(67, '2026-08-07', NULL),
(67, '2026-08-08', NULL),
(67, '2026-08-09', NULL),
(67, '2026-08-10', NULL),
(67, '2026-08-11', NULL),
(67, '2026-08-12', NULL),
(67, '2026-08-13', NULL),
(67, '2026-08-14', NULL),
(67, '2026-08-15', NULL),
(67, '2026-08-16', NULL),
(67, '2026-08-17', NULL),
(67, '2026-08-18', NULL),
(67, '2026-08-19', NULL),
(67, '2026-08-20', NULL),
(67, '2026-08-21', NULL),
(67, '2026-08-22', NULL),
(67, '2026-08-23', NULL),
(67, '2026-08-24', NULL),
(67, '2026-08-25', NULL),
(67, '2026-08-26', NULL),
(67, '2026-08-27', NULL),
(67, '2026-08-28', NULL),
(67, '2026-08-29', NULL),
(67, '2026-08-30', NULL),
(67, '2026-08-31', NULL),
(67, '2026-09-01', NULL),
(67, '2026-09-02', NULL),
(67, '2026-09-03', NULL),
(67, '2026-09-04', NULL),
(67, '2026-09-05', NULL),
(67, '2026-09-06', NULL),
(67, '2026-09-07', NULL),
(67, '2026-09-08', NULL),
(67, '2026-09-09', NULL),
(67, '2026-09-10', NULL),
(67, '2026-09-11', NULL),
(67, '2026-09-12', NULL),
(67, '2026-09-13', NULL),
(67, '2026-09-14', NULL),
(67, '2026-09-15', NULL),
(68, '2026-06-01', NULL),
(68, '2026-06-02', NULL),
(68, '2026-06-03', NULL),
(68, '2026-06-04', NULL),
(68, '2026-06-05', NULL),
(68, '2026-06-06', NULL),
(68, '2026-06-07', NULL),
(68, '2026-06-08', NULL),
(68, '2026-06-09', NULL),
(68, '2026-06-10', NULL),
(68, '2026-06-11', NULL),
(68, '2026-06-12', NULL),
(68, '2026-06-13', NULL),
(68, '2026-06-14', NULL),
(68, '2026-06-15', NULL),
(68, '2026-06-16', NULL),
(68, '2026-06-17', NULL),
(68, '2026-06-18', NULL),
(68, '2026-06-19', NULL),
(68, '2026-06-20', NULL),
(68, '2026-06-21', NULL),
(68, '2026-06-22', NULL),
(68, '2026-06-23', NULL),
(68, '2026-06-24', NULL),
(68, '2026-06-25', NULL),
(68, '2026-06-26', NULL),
(68, '2026-06-27', NULL),
(68, '2026-06-28', NULL),
(68, '2026-06-29', NULL),
(68, '2026-06-30', NULL),
(68, '2026-07-01', NULL),
(68, '2026-07-02', NULL),
(68, '2026-07-03', NULL),
(68, '2026-07-04', NULL),
(68, '2026-07-05', NULL),
(68, '2026-07-06', NULL),
(68, '2026-07-07', NULL),
(68, '2026-07-08', NULL),
(68, '2026-07-09', NULL),
(68, '2026-07-10', NULL),
(68, '2026-07-11', NULL),
(68, '2026-07-12', NULL),
(68, '2026-07-13', NULL),
(68, '2026-07-14', NULL),
(68, '2026-07-15', NULL),
(68, '2026-07-16', NULL),
(68, '2026-07-17', NULL),
(68, '2026-07-18', NULL),
(68, '2026-07-19', NULL),
(68, '2026-07-20', NULL),
(68, '2026-07-21', NULL),
(68, '2026-07-22', NULL),
(68, '2026-07-23', NULL),
(68, '2026-07-24', NULL),
(68, '2026-07-25', NULL),
(68, '2026-07-26', NULL),
(68, '2026-07-27', NULL),
(68, '2026-07-28', NULL),
(68, '2026-07-29', NULL),
(68, '2026-07-30', NULL),
(68, '2026-07-31', NULL),
(68, '2026-08-01', NULL),
(68, '2026-08-02', NULL),
(68, '2026-08-03', NULL),
(68, '2026-08-04', NULL),
(68, '2026-08-05', NULL),
(68, '2026-08-06', NULL),
(68, '2026-08-07', NULL),
(68, '2026-08-08', NULL),
(68, '2026-08-09', NULL),
(68, '2026-08-10', NULL),
(68, '2026-08-11', NULL),
(68, '2026-08-12', NULL),
(68, '2026-08-13', NULL),
(68, '2026-08-14', NULL),
(68, '2026-08-15', NULL),
(68, '2026-08-16', NULL),
(68, '2026-08-17', NULL),
(68, '2026-08-18', NULL),
(68, '2026-08-19', NULL),
(68, '2026-08-20', NULL),
(68, '2026-08-21', NULL),
(68, '2026-08-22', NULL),
(68, '2026-08-23', NULL),
(68, '2026-08-24', NULL),
(68, '2026-08-25', NULL),
(68, '2026-08-26', NULL),
(68, '2026-08-27', NULL),
(68, '2026-08-28', NULL),
(68, '2026-08-29', NULL),
(68, '2026-08-30', NULL),
(68, '2026-08-31', NULL),
(68, '2026-09-01', NULL),
(68, '2026-09-02', NULL),
(68, '2026-09-03', NULL),
(68, '2026-09-04', NULL),
(68, '2026-09-05', NULL),
(68, '2026-09-06', NULL),
(68, '2026-09-07', NULL),
(68, '2026-09-08', NULL),
(68, '2026-09-09', NULL),
(68, '2026-09-10', NULL),
(68, '2026-09-11', NULL),
(68, '2026-09-12', NULL),
(68, '2026-09-13', NULL),
(68, '2026-09-14', NULL),
(68, '2026-09-15', NULL),
(69, '2026-06-01', NULL),
(69, '2026-06-02', NULL),
(69, '2026-06-03', NULL),
(69, '2026-06-04', NULL),
(69, '2026-06-05', NULL),
(69, '2026-06-06', NULL),
(69, '2026-06-07', NULL),
(69, '2026-06-08', NULL),
(69, '2026-06-09', NULL),
(69, '2026-06-10', NULL),
(69, '2026-06-11', NULL),
(69, '2026-06-12', NULL),
(69, '2026-06-13', NULL),
(69, '2026-06-14', NULL),
(69, '2026-06-15', NULL),
(69, '2026-06-16', NULL),
(69, '2026-06-17', NULL),
(69, '2026-06-18', NULL),
(69, '2026-06-19', NULL),
(69, '2026-06-20', NULL),
(69, '2026-06-21', NULL),
(69, '2026-06-22', NULL),
(69, '2026-06-23', NULL),
(69, '2026-06-24', NULL),
(69, '2026-06-25', NULL),
(69, '2026-06-26', NULL),
(69, '2026-06-27', NULL),
(69, '2026-06-28', NULL),
(69, '2026-06-29', NULL),
(69, '2026-06-30', NULL),
(69, '2026-07-01', NULL),
(69, '2026-07-02', NULL),
(69, '2026-07-03', NULL),
(69, '2026-07-04', NULL),
(69, '2026-07-05', NULL),
(69, '2026-07-06', NULL),
(69, '2026-07-07', NULL),
(69, '2026-07-08', NULL),
(69, '2026-07-09', NULL),
(69, '2026-07-10', NULL),
(69, '2026-07-11', NULL),
(69, '2026-07-12', NULL),
(69, '2026-07-13', NULL),
(69, '2026-07-14', NULL),
(69, '2026-07-15', NULL),
(69, '2026-07-16', NULL),
(69, '2026-07-17', NULL),
(69, '2026-07-18', NULL),
(69, '2026-07-19', NULL),
(69, '2026-07-20', NULL),
(69, '2026-07-21', NULL),
(69, '2026-07-22', NULL),
(69, '2026-07-23', NULL),
(69, '2026-07-24', NULL),
(69, '2026-07-25', NULL),
(69, '2026-07-26', NULL),
(69, '2026-07-27', NULL),
(69, '2026-07-28', NULL),
(69, '2026-07-29', NULL),
(69, '2026-07-30', NULL),
(69, '2026-07-31', NULL),
(69, '2026-08-01', NULL),
(69, '2026-08-02', NULL),
(69, '2026-08-03', NULL),
(69, '2026-08-04', NULL),
(69, '2026-08-05', NULL),
(69, '2026-08-06', NULL),
(69, '2026-08-07', NULL),
(69, '2026-08-08', NULL),
(69, '2026-08-09', NULL),
(69, '2026-08-10', NULL),
(69, '2026-08-11', NULL),
(69, '2026-08-12', NULL),
(69, '2026-08-13', NULL),
(69, '2026-08-14', NULL),
(69, '2026-08-15', NULL),
(69, '2026-08-16', NULL),
(69, '2026-08-17', NULL),
(69, '2026-08-18', NULL),
(69, '2026-08-19', NULL),
(69, '2026-08-20', NULL),
(69, '2026-08-21', NULL),
(69, '2026-08-22', NULL),
(69, '2026-08-23', NULL),
(69, '2026-08-24', NULL),
(69, '2026-08-25', NULL),
(69, '2026-08-26', NULL),
(69, '2026-08-27', NULL),
(69, '2026-08-28', NULL),
(69, '2026-08-29', NULL),
(69, '2026-08-30', NULL),
(69, '2026-08-31', NULL),
(69, '2026-09-01', NULL),
(69, '2026-09-02', NULL),
(69, '2026-09-03', NULL),
(69, '2026-09-04', NULL),
(69, '2026-09-05', NULL),
(69, '2026-09-06', NULL),
(69, '2026-09-07', NULL),
(69, '2026-09-08', NULL),
(69, '2026-09-09', NULL),
(69, '2026-09-10', NULL),
(69, '2026-09-11', NULL),
(69, '2026-09-12', NULL),
(69, '2026-09-13', NULL),
(69, '2026-09-14', NULL),
(69, '2026-09-15', NULL),
(70, '2026-06-01', NULL),
(70, '2026-06-02', NULL),
(70, '2026-06-03', NULL),
(70, '2026-06-04', NULL),
(70, '2026-06-05', NULL),
(70, '2026-06-06', NULL),
(70, '2026-06-07', NULL),
(70, '2026-06-08', NULL),
(70, '2026-06-09', NULL),
(70, '2026-06-10', NULL),
(70, '2026-06-11', NULL),
(70, '2026-06-12', NULL),
(70, '2026-06-13', NULL),
(70, '2026-06-14', NULL),
(70, '2026-06-15', NULL),
(70, '2026-06-16', NULL),
(70, '2026-06-17', NULL),
(70, '2026-06-18', NULL),
(70, '2026-06-19', NULL),
(70, '2026-06-20', NULL),
(70, '2026-06-21', NULL),
(70, '2026-06-22', NULL),
(70, '2026-06-23', NULL),
(70, '2026-06-24', NULL),
(70, '2026-06-25', NULL),
(70, '2026-06-26', NULL),
(70, '2026-06-27', NULL),
(70, '2026-06-28', NULL),
(70, '2026-06-29', NULL),
(70, '2026-06-30', NULL),
(70, '2026-07-01', NULL),
(70, '2026-07-02', NULL),
(70, '2026-07-03', NULL),
(70, '2026-07-04', NULL),
(70, '2026-07-05', NULL),
(70, '2026-07-06', NULL),
(70, '2026-07-07', NULL),
(70, '2026-07-08', NULL),
(70, '2026-07-09', NULL),
(70, '2026-07-10', NULL),
(70, '2026-07-11', NULL),
(70, '2026-07-12', NULL),
(70, '2026-07-13', NULL),
(70, '2026-07-14', NULL),
(70, '2026-07-15', NULL),
(70, '2026-07-16', NULL),
(70, '2026-07-17', NULL),
(70, '2026-07-18', NULL),
(70, '2026-07-19', NULL),
(70, '2026-07-20', NULL),
(70, '2026-07-21', NULL),
(70, '2026-07-22', NULL),
(70, '2026-07-23', NULL),
(70, '2026-07-24', NULL),
(70, '2026-07-25', NULL),
(70, '2026-07-26', NULL),
(70, '2026-07-27', NULL),
(70, '2026-07-28', NULL),
(70, '2026-07-29', NULL),
(70, '2026-07-30', NULL),
(70, '2026-07-31', NULL),
(70, '2026-08-01', NULL),
(70, '2026-08-02', NULL),
(70, '2026-08-03', NULL),
(70, '2026-08-04', NULL),
(70, '2026-08-05', NULL),
(70, '2026-08-06', NULL),
(70, '2026-08-07', NULL),
(70, '2026-08-08', NULL),
(70, '2026-08-09', NULL),
(70, '2026-08-10', NULL),
(70, '2026-08-11', NULL),
(70, '2026-08-12', NULL),
(70, '2026-08-13', NULL),
(70, '2026-08-14', NULL),
(70, '2026-08-15', NULL),
(70, '2026-08-16', NULL),
(70, '2026-08-17', NULL),
(70, '2026-08-18', NULL),
(70, '2026-08-19', NULL),
(70, '2026-08-20', NULL),
(70, '2026-08-21', NULL),
(70, '2026-08-22', NULL),
(70, '2026-08-23', NULL),
(70, '2026-08-24', NULL),
(70, '2026-08-25', NULL),
(70, '2026-08-26', NULL),
(70, '2026-08-27', NULL),
(70, '2026-08-28', NULL),
(70, '2026-08-29', NULL),
(70, '2026-08-30', NULL),
(70, '2026-08-31', NULL),
(70, '2026-09-01', NULL),
(70, '2026-09-02', NULL),
(70, '2026-09-03', NULL),
(70, '2026-09-04', NULL),
(70, '2026-09-05', NULL),
(70, '2026-09-06', NULL),
(70, '2026-09-07', NULL),
(70, '2026-09-08', NULL),
(70, '2026-09-09', NULL),
(70, '2026-09-10', NULL),
(70, '2026-09-11', NULL),
(70, '2026-09-12', NULL),
(70, '2026-09-13', NULL),
(70, '2026-09-14', NULL),
(70, '2026-09-15', NULL),
(71, '2026-06-01', NULL),
(71, '2026-06-02', NULL),
(71, '2026-06-03', NULL),
(71, '2026-06-04', NULL),
(71, '2026-06-05', NULL),
(71, '2026-06-06', NULL),
(71, '2026-06-07', NULL),
(71, '2026-06-08', NULL),
(71, '2026-06-09', NULL),
(71, '2026-06-10', NULL),
(71, '2026-06-11', NULL),
(71, '2026-06-12', NULL),
(71, '2026-06-13', NULL),
(71, '2026-06-14', NULL),
(71, '2026-06-15', NULL),
(71, '2026-06-16', NULL),
(71, '2026-06-17', NULL),
(71, '2026-06-18', NULL),
(71, '2026-06-19', NULL),
(71, '2026-06-20', NULL),
(71, '2026-06-21', NULL),
(71, '2026-06-22', NULL),
(71, '2026-06-23', NULL),
(71, '2026-06-24', NULL),
(71, '2026-06-25', NULL),
(71, '2026-06-26', NULL),
(71, '2026-06-27', NULL),
(71, '2026-06-28', NULL),
(71, '2026-06-29', NULL),
(71, '2026-06-30', NULL),
(71, '2026-07-01', NULL),
(71, '2026-07-02', NULL),
(71, '2026-07-03', NULL),
(71, '2026-07-04', NULL),
(71, '2026-07-05', NULL),
(71, '2026-07-06', NULL),
(71, '2026-07-07', NULL),
(71, '2026-07-08', NULL),
(71, '2026-07-09', NULL),
(71, '2026-07-10', NULL),
(71, '2026-07-11', NULL),
(71, '2026-07-12', NULL),
(71, '2026-07-13', NULL),
(71, '2026-07-14', NULL),
(71, '2026-07-15', NULL),
(71, '2026-07-16', NULL),
(71, '2026-07-17', NULL),
(71, '2026-07-18', NULL),
(71, '2026-07-19', NULL),
(71, '2026-07-20', NULL),
(71, '2026-07-21', NULL),
(71, '2026-07-22', NULL),
(71, '2026-07-23', NULL),
(71, '2026-07-24', NULL),
(71, '2026-07-25', NULL),
(71, '2026-07-26', NULL),
(71, '2026-07-27', NULL),
(71, '2026-07-28', NULL),
(71, '2026-07-29', NULL),
(71, '2026-07-30', NULL),
(71, '2026-07-31', NULL),
(71, '2026-08-01', NULL),
(71, '2026-08-02', NULL),
(71, '2026-08-03', NULL),
(71, '2026-08-04', NULL),
(71, '2026-08-05', NULL),
(71, '2026-08-06', NULL),
(71, '2026-08-07', NULL),
(71, '2026-08-08', NULL),
(71, '2026-08-09', NULL),
(71, '2026-08-10', NULL),
(71, '2026-08-11', NULL),
(71, '2026-08-12', NULL),
(71, '2026-08-13', NULL),
(71, '2026-08-14', NULL),
(71, '2026-08-15', NULL),
(71, '2026-08-16', NULL),
(71, '2026-08-17', NULL),
(71, '2026-08-18', NULL),
(71, '2026-08-19', NULL),
(71, '2026-08-20', NULL),
(71, '2026-08-21', NULL),
(71, '2026-08-22', NULL),
(71, '2026-08-23', NULL),
(71, '2026-08-24', NULL),
(71, '2026-08-25', NULL),
(71, '2026-08-26', NULL),
(71, '2026-08-27', NULL),
(71, '2026-08-28', NULL),
(71, '2026-08-29', NULL),
(71, '2026-08-30', NULL),
(71, '2026-08-31', NULL),
(71, '2026-09-01', NULL),
(71, '2026-09-02', NULL),
(71, '2026-09-03', NULL),
(71, '2026-09-04', NULL),
(71, '2026-09-05', NULL),
(71, '2026-09-06', NULL),
(71, '2026-09-07', NULL),
(71, '2026-09-08', NULL),
(71, '2026-09-09', NULL),
(71, '2026-09-10', NULL),
(71, '2026-09-11', NULL),
(71, '2026-09-12', NULL),
(71, '2026-09-13', NULL),
(71, '2026-09-14', NULL),
(71, '2026-09-15', NULL),
(72, '2026-06-01', NULL),
(72, '2026-06-02', NULL),
(72, '2026-06-03', NULL),
(72, '2026-06-04', NULL),
(72, '2026-06-05', NULL),
(72, '2026-06-06', NULL),
(72, '2026-06-07', NULL),
(72, '2026-06-08', NULL),
(72, '2026-06-09', NULL),
(72, '2026-06-10', NULL),
(72, '2026-06-11', NULL),
(72, '2026-06-12', NULL),
(72, '2026-06-13', NULL),
(72, '2026-06-14', NULL),
(72, '2026-06-15', NULL),
(72, '2026-06-16', NULL),
(72, '2026-06-17', NULL),
(72, '2026-06-18', NULL),
(72, '2026-06-19', NULL),
(72, '2026-06-20', NULL),
(72, '2026-06-21', NULL),
(72, '2026-06-22', NULL),
(72, '2026-06-23', NULL),
(72, '2026-06-24', NULL),
(72, '2026-06-25', NULL),
(72, '2026-06-26', NULL),
(72, '2026-06-27', NULL),
(72, '2026-06-28', NULL),
(72, '2026-06-29', NULL),
(72, '2026-06-30', NULL),
(72, '2026-07-01', NULL),
(72, '2026-07-02', NULL),
(72, '2026-07-03', NULL),
(72, '2026-07-04', NULL),
(72, '2026-07-05', NULL),
(72, '2026-07-06', NULL),
(72, '2026-07-07', NULL),
(72, '2026-07-08', NULL),
(72, '2026-07-09', NULL),
(72, '2026-07-10', NULL),
(72, '2026-07-11', NULL),
(72, '2026-07-12', NULL),
(72, '2026-07-13', NULL),
(72, '2026-07-14', NULL),
(72, '2026-07-15', NULL),
(72, '2026-07-16', NULL),
(72, '2026-07-17', NULL),
(72, '2026-07-18', NULL),
(72, '2026-07-19', NULL),
(72, '2026-07-20', NULL),
(72, '2026-07-21', NULL),
(72, '2026-07-22', NULL),
(72, '2026-07-23', NULL),
(72, '2026-07-24', NULL),
(72, '2026-07-25', NULL),
(72, '2026-07-26', NULL),
(72, '2026-07-27', NULL),
(72, '2026-07-28', NULL),
(72, '2026-07-29', NULL),
(72, '2026-07-30', NULL),
(72, '2026-07-31', NULL),
(72, '2026-08-01', NULL),
(72, '2026-08-02', NULL),
(72, '2026-08-03', NULL),
(72, '2026-08-04', NULL),
(72, '2026-08-05', NULL),
(72, '2026-08-06', NULL),
(72, '2026-08-07', NULL),
(72, '2026-08-08', NULL),
(72, '2026-08-09', NULL),
(72, '2026-08-10', NULL),
(72, '2026-08-11', NULL),
(72, '2026-08-12', NULL),
(72, '2026-08-13', NULL),
(72, '2026-08-14', NULL),
(72, '2026-08-15', NULL),
(72, '2026-08-16', NULL),
(72, '2026-08-17', NULL),
(72, '2026-08-18', NULL),
(72, '2026-08-19', NULL),
(72, '2026-08-20', NULL),
(72, '2026-08-21', NULL),
(72, '2026-08-22', NULL),
(72, '2026-08-23', NULL),
(72, '2026-08-24', NULL),
(72, '2026-08-25', NULL),
(72, '2026-08-26', NULL),
(72, '2026-08-27', NULL),
(72, '2026-08-28', NULL),
(72, '2026-08-29', NULL),
(72, '2026-08-30', NULL),
(72, '2026-08-31', NULL),
(72, '2026-09-01', NULL),
(72, '2026-09-02', NULL),
(72, '2026-09-03', NULL),
(72, '2026-09-04', NULL),
(72, '2026-09-05', NULL),
(72, '2026-09-06', NULL),
(72, '2026-09-07', NULL),
(72, '2026-09-08', NULL),
(72, '2026-09-09', NULL),
(72, '2026-09-10', NULL),
(72, '2026-09-11', NULL),
(72, '2026-09-12', NULL),
(72, '2026-09-13', NULL),
(72, '2026-09-14', NULL),
(72, '2026-09-15', NULL),
(73, '2026-06-01', NULL),
(73, '2026-06-02', NULL),
(73, '2026-06-03', NULL),
(73, '2026-06-04', NULL),
(73, '2026-06-05', NULL),
(73, '2026-06-06', NULL),
(73, '2026-06-07', NULL),
(73, '2026-06-08', NULL),
(73, '2026-06-09', NULL),
(73, '2026-06-10', NULL),
(73, '2026-06-11', NULL),
(73, '2026-06-12', NULL),
(73, '2026-06-13', NULL),
(73, '2026-06-14', NULL),
(73, '2026-06-15', NULL),
(73, '2026-06-16', NULL),
(73, '2026-06-17', NULL),
(73, '2026-06-18', NULL),
(73, '2026-06-19', NULL),
(73, '2026-06-20', NULL),
(73, '2026-06-21', NULL),
(73, '2026-06-22', NULL),
(73, '2026-06-23', NULL),
(73, '2026-06-24', NULL),
(73, '2026-06-25', NULL),
(73, '2026-06-26', NULL),
(73, '2026-06-27', NULL),
(73, '2026-06-28', NULL),
(73, '2026-06-29', NULL),
(73, '2026-06-30', NULL),
(73, '2026-07-01', NULL),
(73, '2026-07-02', NULL),
(73, '2026-07-03', NULL),
(73, '2026-07-04', NULL),
(73, '2026-07-05', NULL),
(73, '2026-07-06', NULL),
(73, '2026-07-07', NULL),
(73, '2026-07-08', NULL),
(73, '2026-07-09', NULL),
(73, '2026-07-10', NULL),
(73, '2026-07-11', NULL),
(73, '2026-07-12', NULL),
(73, '2026-07-13', NULL),
(73, '2026-07-14', NULL),
(73, '2026-07-15', NULL),
(73, '2026-07-16', NULL),
(73, '2026-07-17', NULL),
(73, '2026-07-18', NULL),
(73, '2026-07-19', NULL),
(73, '2026-07-20', NULL),
(73, '2026-07-21', NULL),
(73, '2026-07-22', NULL),
(73, '2026-07-23', NULL),
(73, '2026-07-24', NULL),
(73, '2026-07-25', NULL),
(73, '2026-07-26', NULL),
(73, '2026-07-27', NULL),
(73, '2026-07-28', NULL),
(73, '2026-07-29', NULL),
(73, '2026-07-30', NULL),
(73, '2026-07-31', NULL),
(73, '2026-08-01', NULL),
(73, '2026-08-02', NULL),
(73, '2026-08-03', NULL),
(73, '2026-08-04', NULL),
(73, '2026-08-05', NULL),
(73, '2026-08-06', NULL),
(73, '2026-08-07', NULL),
(73, '2026-08-08', NULL),
(73, '2026-08-09', NULL),
(73, '2026-08-10', NULL),
(73, '2026-08-11', NULL),
(73, '2026-08-12', NULL),
(73, '2026-08-13', NULL),
(73, '2026-08-14', NULL),
(73, '2026-08-15', NULL),
(73, '2026-08-16', NULL),
(73, '2026-08-17', NULL),
(73, '2026-08-18', NULL),
(73, '2026-08-19', NULL),
(73, '2026-08-20', NULL),
(73, '2026-08-21', NULL),
(73, '2026-08-22', NULL),
(73, '2026-08-23', NULL),
(73, '2026-08-24', NULL),
(73, '2026-08-25', NULL),
(73, '2026-08-26', NULL),
(73, '2026-08-27', NULL),
(73, '2026-08-28', NULL),
(73, '2026-08-29', NULL),
(73, '2026-08-30', NULL),
(73, '2026-08-31', NULL),
(73, '2026-09-01', NULL),
(73, '2026-09-02', NULL),
(73, '2026-09-03', NULL),
(73, '2026-09-04', NULL),
(73, '2026-09-05', NULL),
(73, '2026-09-06', NULL),
(73, '2026-09-07', NULL),
(73, '2026-09-08', NULL),
(73, '2026-09-09', NULL),
(73, '2026-09-10', NULL),
(73, '2026-09-11', NULL),
(73, '2026-09-12', NULL),
(73, '2026-09-13', NULL),
(73, '2026-09-14', NULL),
(73, '2026-09-15', NULL),
(74, '2026-06-01', NULL),
(74, '2026-06-02', NULL),
(74, '2026-06-03', NULL),
(74, '2026-06-04', NULL),
(74, '2026-06-05', NULL),
(74, '2026-06-06', NULL),
(74, '2026-06-07', NULL),
(74, '2026-06-08', NULL),
(74, '2026-06-09', NULL),
(74, '2026-06-10', NULL),
(74, '2026-06-11', NULL),
(74, '2026-06-12', NULL),
(74, '2026-06-13', NULL),
(74, '2026-06-14', NULL),
(74, '2026-06-15', NULL),
(74, '2026-06-16', NULL),
(74, '2026-06-17', NULL),
(74, '2026-06-18', NULL),
(74, '2026-06-19', NULL),
(74, '2026-06-20', NULL),
(74, '2026-06-21', NULL),
(74, '2026-06-22', NULL),
(74, '2026-06-23', NULL),
(74, '2026-06-24', NULL),
(74, '2026-06-25', NULL),
(74, '2026-06-26', NULL),
(74, '2026-06-27', NULL),
(74, '2026-06-28', NULL),
(74, '2026-06-29', NULL),
(74, '2026-06-30', NULL),
(74, '2026-07-01', NULL),
(74, '2026-07-02', NULL),
(74, '2026-07-03', NULL),
(74, '2026-07-04', NULL),
(74, '2026-07-05', NULL),
(74, '2026-07-06', NULL),
(74, '2026-07-07', NULL),
(74, '2026-07-08', NULL),
(74, '2026-07-09', NULL),
(74, '2026-07-10', NULL),
(74, '2026-07-11', NULL),
(74, '2026-07-12', NULL),
(74, '2026-07-13', NULL),
(74, '2026-07-14', NULL),
(74, '2026-07-15', NULL),
(74, '2026-07-16', NULL),
(74, '2026-07-17', NULL),
(74, '2026-07-18', NULL),
(74, '2026-07-19', NULL),
(74, '2026-07-20', NULL),
(74, '2026-07-21', NULL),
(74, '2026-07-22', NULL),
(74, '2026-07-23', NULL),
(74, '2026-07-24', NULL),
(74, '2026-07-25', NULL),
(74, '2026-07-26', NULL),
(74, '2026-07-27', NULL),
(74, '2026-07-28', NULL),
(74, '2026-07-29', NULL),
(74, '2026-07-30', NULL),
(74, '2026-07-31', NULL),
(74, '2026-08-01', NULL),
(74, '2026-08-02', NULL),
(74, '2026-08-03', NULL),
(74, '2026-08-04', NULL),
(74, '2026-08-05', NULL),
(74, '2026-08-06', NULL),
(74, '2026-08-07', NULL),
(74, '2026-08-08', NULL),
(74, '2026-08-09', NULL),
(74, '2026-08-10', NULL),
(74, '2026-08-11', NULL),
(74, '2026-08-12', NULL),
(74, '2026-08-13', NULL),
(74, '2026-08-14', NULL),
(74, '2026-08-15', NULL),
(74, '2026-08-16', NULL),
(74, '2026-08-17', NULL),
(74, '2026-08-18', NULL),
(74, '2026-08-19', NULL),
(74, '2026-08-20', NULL),
(74, '2026-08-21', NULL),
(74, '2026-08-22', NULL),
(74, '2026-08-23', NULL),
(74, '2026-08-24', NULL),
(74, '2026-08-25', NULL),
(74, '2026-08-26', NULL),
(74, '2026-08-27', NULL),
(74, '2026-08-28', NULL),
(74, '2026-08-29', NULL),
(74, '2026-08-30', NULL),
(74, '2026-08-31', NULL),
(74, '2026-09-01', NULL),
(74, '2026-09-02', NULL),
(74, '2026-09-03', NULL),
(74, '2026-09-04', NULL),
(74, '2026-09-05', NULL),
(74, '2026-09-06', NULL),
(74, '2026-09-07', NULL),
(74, '2026-09-08', NULL),
(74, '2026-09-09', NULL),
(74, '2026-09-10', NULL),
(74, '2026-09-11', NULL),
(74, '2026-09-12', NULL),
(74, '2026-09-13', NULL),
(74, '2026-09-14', NULL),
(74, '2026-09-15', NULL),
(75, '2026-06-01', NULL),
(75, '2026-06-02', NULL),
(75, '2026-06-03', NULL),
(75, '2026-06-04', NULL),
(75, '2026-06-05', NULL),
(75, '2026-06-06', NULL),
(75, '2026-06-07', NULL),
(75, '2026-06-08', NULL),
(75, '2026-06-09', NULL),
(75, '2026-06-10', NULL),
(75, '2026-06-11', NULL),
(75, '2026-06-12', NULL),
(75, '2026-06-13', NULL),
(75, '2026-06-14', NULL),
(75, '2026-06-15', NULL),
(75, '2026-06-16', NULL),
(75, '2026-06-17', NULL),
(75, '2026-06-18', NULL),
(75, '2026-06-19', NULL),
(75, '2026-06-20', NULL),
(75, '2026-06-21', NULL),
(75, '2026-06-22', NULL),
(75, '2026-06-23', NULL),
(75, '2026-06-24', NULL),
(75, '2026-06-25', NULL),
(75, '2026-06-26', NULL),
(75, '2026-06-27', NULL),
(75, '2026-06-28', NULL),
(75, '2026-06-29', NULL),
(75, '2026-06-30', NULL),
(75, '2026-07-01', NULL),
(75, '2026-07-02', NULL),
(75, '2026-07-03', NULL),
(75, '2026-07-04', NULL),
(75, '2026-07-05', NULL),
(75, '2026-07-06', NULL),
(75, '2026-07-07', NULL),
(75, '2026-07-08', NULL),
(75, '2026-07-09', NULL),
(75, '2026-07-10', NULL),
(75, '2026-07-11', NULL),
(75, '2026-07-12', NULL),
(75, '2026-07-13', NULL),
(75, '2026-07-14', NULL),
(75, '2026-07-15', NULL),
(75, '2026-07-16', NULL),
(75, '2026-07-17', NULL),
(75, '2026-07-18', NULL),
(75, '2026-07-19', NULL),
(75, '2026-07-20', NULL),
(75, '2026-07-21', NULL),
(75, '2026-07-22', NULL),
(75, '2026-07-23', NULL),
(75, '2026-07-24', NULL),
(75, '2026-07-25', NULL),
(75, '2026-07-26', NULL),
(75, '2026-07-27', NULL),
(75, '2026-07-28', NULL),
(75, '2026-07-29', NULL),
(75, '2026-07-30', NULL),
(75, '2026-07-31', NULL),
(75, '2026-08-01', NULL),
(75, '2026-08-02', NULL),
(75, '2026-08-03', NULL),
(75, '2026-08-04', NULL),
(75, '2026-08-05', NULL),
(75, '2026-08-06', NULL),
(75, '2026-08-07', NULL),
(75, '2026-08-08', NULL),
(75, '2026-08-09', NULL),
(75, '2026-08-10', NULL),
(75, '2026-08-11', NULL),
(75, '2026-08-12', NULL),
(75, '2026-08-13', NULL),
(75, '2026-08-14', NULL),
(75, '2026-08-15', NULL),
(75, '2026-08-16', NULL),
(75, '2026-08-17', NULL),
(75, '2026-08-18', NULL),
(75, '2026-08-19', NULL),
(75, '2026-08-20', NULL),
(75, '2026-08-21', NULL),
(75, '2026-08-22', NULL),
(75, '2026-08-23', NULL),
(75, '2026-08-24', NULL),
(75, '2026-08-25', NULL),
(75, '2026-08-26', NULL),
(75, '2026-08-27', NULL),
(75, '2026-08-28', NULL),
(75, '2026-08-29', NULL),
(75, '2026-08-30', NULL),
(75, '2026-08-31', NULL),
(75, '2026-09-01', NULL),
(75, '2026-09-02', NULL),
(75, '2026-09-03', NULL),
(75, '2026-09-04', NULL),
(75, '2026-09-05', NULL),
(75, '2026-09-06', NULL),
(75, '2026-09-07', NULL),
(75, '2026-09-08', NULL),
(75, '2026-09-09', NULL),
(75, '2026-09-10', NULL),
(75, '2026-09-11', NULL),
(75, '2026-09-12', NULL),
(75, '2026-09-13', NULL),
(75, '2026-09-14', NULL),
(75, '2026-09-15', NULL),
(76, '2026-06-01', NULL),
(76, '2026-06-02', NULL),
(76, '2026-06-03', NULL),
(76, '2026-06-04', NULL),
(76, '2026-06-05', NULL),
(76, '2026-06-06', NULL),
(76, '2026-06-07', NULL),
(76, '2026-06-08', NULL),
(76, '2026-06-09', NULL),
(76, '2026-06-10', NULL),
(76, '2026-06-11', NULL),
(76, '2026-06-12', NULL),
(76, '2026-06-13', NULL),
(76, '2026-06-14', NULL),
(76, '2026-06-15', NULL),
(76, '2026-06-16', NULL),
(76, '2026-06-17', NULL),
(76, '2026-06-18', NULL),
(76, '2026-06-19', NULL),
(76, '2026-06-20', NULL),
(76, '2026-06-21', NULL),
(76, '2026-06-22', NULL),
(76, '2026-06-23', NULL),
(76, '2026-06-24', NULL),
(76, '2026-06-25', NULL),
(76, '2026-06-26', NULL),
(76, '2026-06-27', NULL),
(76, '2026-06-28', NULL),
(76, '2026-06-29', NULL),
(76, '2026-06-30', NULL),
(76, '2026-07-01', NULL),
(76, '2026-07-02', NULL),
(76, '2026-07-03', NULL),
(76, '2026-07-04', NULL),
(76, '2026-07-05', NULL),
(76, '2026-07-06', NULL),
(76, '2026-07-07', NULL),
(76, '2026-07-08', NULL),
(76, '2026-07-09', NULL),
(76, '2026-07-10', NULL),
(76, '2026-07-11', NULL),
(76, '2026-07-12', NULL),
(76, '2026-07-13', NULL),
(76, '2026-07-14', NULL),
(76, '2026-07-15', NULL),
(76, '2026-07-16', NULL),
(76, '2026-07-17', NULL),
(76, '2026-07-18', NULL),
(76, '2026-07-19', NULL),
(76, '2026-07-20', NULL),
(76, '2026-07-21', NULL),
(76, '2026-07-22', NULL),
(76, '2026-07-23', NULL),
(76, '2026-07-24', NULL),
(76, '2026-07-25', NULL),
(76, '2026-07-26', NULL),
(76, '2026-07-27', NULL),
(76, '2026-07-28', NULL),
(76, '2026-07-29', NULL),
(76, '2026-07-30', NULL),
(76, '2026-07-31', NULL),
(76, '2026-08-01', NULL),
(76, '2026-08-02', NULL),
(76, '2026-08-03', NULL),
(76, '2026-08-04', NULL),
(76, '2026-08-05', NULL),
(76, '2026-08-06', NULL),
(76, '2026-08-07', NULL),
(76, '2026-08-08', NULL),
(76, '2026-08-09', NULL),
(76, '2026-08-10', NULL),
(76, '2026-08-11', NULL),
(76, '2026-08-12', NULL),
(76, '2026-08-13', NULL),
(76, '2026-08-14', NULL),
(76, '2026-08-15', NULL),
(76, '2026-08-16', NULL),
(76, '2026-08-17', NULL),
(76, '2026-08-18', NULL),
(76, '2026-08-19', NULL),
(76, '2026-08-20', NULL),
(76, '2026-08-21', NULL),
(76, '2026-08-22', NULL),
(76, '2026-08-23', NULL),
(76, '2026-08-24', NULL),
(76, '2026-08-25', NULL),
(76, '2026-08-26', NULL),
(76, '2026-08-27', NULL),
(76, '2026-08-28', NULL),
(76, '2026-08-29', NULL),
(76, '2026-08-30', NULL),
(76, '2026-08-31', NULL),
(76, '2026-09-01', NULL),
(76, '2026-09-02', NULL),
(76, '2026-09-03', NULL),
(76, '2026-09-04', NULL),
(76, '2026-09-05', NULL),
(76, '2026-09-06', NULL),
(76, '2026-09-07', NULL),
(76, '2026-09-08', NULL),
(76, '2026-09-09', NULL),
(76, '2026-09-10', NULL),
(76, '2026-09-11', NULL),
(76, '2026-09-12', NULL),
(76, '2026-09-13', NULL),
(76, '2026-09-14', NULL),
(76, '2026-09-15', NULL),
(77, '2026-06-01', NULL),
(77, '2026-06-02', NULL),
(77, '2026-06-03', NULL),
(77, '2026-06-04', NULL),
(77, '2026-06-05', NULL),
(77, '2026-06-06', NULL),
(77, '2026-06-07', NULL),
(77, '2026-06-08', NULL),
(77, '2026-06-09', NULL),
(77, '2026-06-10', NULL),
(77, '2026-06-11', NULL),
(77, '2026-06-12', NULL),
(77, '2026-06-13', NULL),
(77, '2026-06-14', NULL),
(77, '2026-06-15', NULL),
(77, '2026-06-16', NULL),
(77, '2026-06-17', NULL),
(77, '2026-06-18', NULL),
(77, '2026-06-19', NULL),
(77, '2026-06-20', NULL),
(77, '2026-06-21', NULL),
(77, '2026-06-22', NULL),
(77, '2026-06-23', NULL),
(77, '2026-06-24', NULL),
(77, '2026-06-25', NULL),
(77, '2026-06-26', NULL),
(77, '2026-06-27', NULL),
(77, '2026-06-28', NULL),
(77, '2026-06-29', NULL),
(77, '2026-06-30', NULL),
(77, '2026-07-01', NULL),
(77, '2026-07-02', NULL),
(77, '2026-07-03', NULL),
(77, '2026-07-04', NULL),
(77, '2026-07-05', NULL),
(77, '2026-07-06', NULL),
(77, '2026-07-07', NULL),
(77, '2026-07-08', NULL),
(77, '2026-07-09', NULL),
(77, '2026-07-10', NULL),
(77, '2026-07-11', NULL),
(77, '2026-07-12', NULL),
(77, '2026-07-13', NULL),
(77, '2026-07-14', NULL),
(77, '2026-07-15', NULL),
(77, '2026-07-16', NULL),
(77, '2026-07-17', NULL),
(77, '2026-07-18', NULL),
(77, '2026-07-19', NULL),
(77, '2026-07-20', NULL),
(77, '2026-07-21', NULL),
(77, '2026-07-22', NULL),
(77, '2026-07-23', NULL),
(77, '2026-07-24', NULL),
(77, '2026-07-25', NULL),
(77, '2026-07-26', NULL),
(77, '2026-07-27', NULL),
(77, '2026-07-28', NULL),
(77, '2026-07-29', NULL),
(77, '2026-07-30', NULL),
(77, '2026-07-31', NULL),
(77, '2026-08-01', NULL),
(77, '2026-08-02', NULL),
(77, '2026-08-03', NULL),
(77, '2026-08-04', NULL),
(77, '2026-08-05', NULL),
(77, '2026-08-06', NULL),
(77, '2026-08-07', NULL),
(77, '2026-08-08', NULL),
(77, '2026-08-09', NULL),
(77, '2026-08-10', NULL),
(77, '2026-08-11', NULL),
(77, '2026-08-12', NULL),
(77, '2026-08-13', NULL),
(77, '2026-08-14', NULL),
(77, '2026-08-15', NULL),
(77, '2026-08-16', NULL),
(77, '2026-08-17', NULL),
(77, '2026-08-18', NULL),
(77, '2026-08-19', NULL),
(77, '2026-08-20', NULL),
(77, '2026-08-21', NULL),
(77, '2026-08-22', NULL),
(77, '2026-08-23', NULL),
(77, '2026-08-24', NULL),
(77, '2026-08-25', NULL),
(77, '2026-08-26', NULL),
(77, '2026-08-27', NULL),
(77, '2026-08-28', NULL),
(77, '2026-08-29', NULL),
(77, '2026-08-30', NULL),
(77, '2026-08-31', NULL),
(77, '2026-09-01', NULL),
(77, '2026-09-02', NULL),
(77, '2026-09-03', NULL),
(77, '2026-09-04', NULL),
(77, '2026-09-05', NULL),
(77, '2026-09-06', NULL),
(77, '2026-09-07', NULL),
(77, '2026-09-08', NULL),
(77, '2026-09-09', NULL),
(77, '2026-09-10', NULL),
(77, '2026-09-11', NULL),
(77, '2026-09-12', NULL),
(77, '2026-09-13', NULL),
(77, '2026-09-14', NULL),
(77, '2026-09-15', NULL),
(78, '2026-06-01', NULL),
(78, '2026-06-02', NULL),
(78, '2026-06-03', NULL),
(78, '2026-06-04', NULL),
(78, '2026-06-05', NULL),
(78, '2026-06-06', NULL),
(78, '2026-06-07', NULL),
(78, '2026-06-08', NULL),
(78, '2026-06-09', NULL),
(78, '2026-06-10', NULL),
(78, '2026-06-11', NULL),
(78, '2026-06-12', NULL),
(78, '2026-06-13', NULL),
(78, '2026-06-14', NULL),
(78, '2026-06-15', NULL),
(78, '2026-06-16', NULL),
(78, '2026-06-17', NULL),
(78, '2026-06-18', NULL),
(78, '2026-06-19', NULL),
(78, '2026-06-20', NULL),
(78, '2026-06-21', NULL),
(78, '2026-06-22', NULL),
(78, '2026-06-23', NULL),
(78, '2026-06-24', NULL),
(78, '2026-06-25', NULL),
(78, '2026-06-26', NULL),
(78, '2026-06-27', NULL),
(78, '2026-06-28', NULL),
(78, '2026-06-29', NULL),
(78, '2026-06-30', NULL),
(78, '2026-07-01', NULL),
(78, '2026-07-02', NULL),
(78, '2026-07-03', NULL),
(78, '2026-07-04', NULL),
(78, '2026-07-05', NULL),
(78, '2026-07-06', NULL),
(78, '2026-07-07', NULL),
(78, '2026-07-08', NULL),
(78, '2026-07-09', NULL),
(78, '2026-07-10', NULL),
(78, '2026-07-11', NULL),
(78, '2026-07-12', NULL),
(78, '2026-07-13', NULL),
(78, '2026-07-14', NULL),
(78, '2026-07-15', NULL),
(78, '2026-07-16', NULL),
(78, '2026-07-17', NULL),
(78, '2026-07-18', NULL),
(78, '2026-07-19', NULL),
(78, '2026-07-20', NULL),
(78, '2026-07-21', NULL),
(78, '2026-07-22', NULL),
(78, '2026-07-23', NULL),
(78, '2026-07-24', NULL),
(78, '2026-07-25', NULL),
(78, '2026-07-26', NULL),
(78, '2026-07-27', NULL),
(78, '2026-07-28', NULL),
(78, '2026-07-29', NULL),
(78, '2026-07-30', NULL),
(78, '2026-07-31', NULL),
(78, '2026-08-01', NULL),
(78, '2026-08-02', NULL),
(78, '2026-08-03', NULL),
(78, '2026-08-04', NULL),
(78, '2026-08-05', NULL),
(78, '2026-08-06', NULL),
(78, '2026-08-07', NULL),
(78, '2026-08-08', NULL),
(78, '2026-08-09', NULL),
(78, '2026-08-10', NULL),
(78, '2026-08-11', NULL),
(78, '2026-08-12', NULL),
(78, '2026-08-13', NULL),
(78, '2026-08-14', NULL),
(78, '2026-08-15', NULL),
(78, '2026-08-16', NULL),
(78, '2026-08-17', NULL),
(78, '2026-08-18', NULL),
(78, '2026-08-19', NULL),
(78, '2026-08-20', NULL),
(78, '2026-08-21', NULL),
(78, '2026-08-22', NULL),
(78, '2026-08-23', NULL),
(78, '2026-08-24', NULL),
(78, '2026-08-25', NULL),
(78, '2026-08-26', NULL),
(78, '2026-08-27', NULL),
(78, '2026-08-28', NULL),
(78, '2026-08-29', NULL),
(78, '2026-08-30', NULL),
(78, '2026-08-31', NULL),
(78, '2026-09-01', NULL),
(78, '2026-09-02', NULL),
(78, '2026-09-03', NULL),
(78, '2026-09-04', NULL),
(78, '2026-09-05', NULL),
(78, '2026-09-06', NULL),
(78, '2026-09-07', NULL),
(78, '2026-09-08', NULL),
(78, '2026-09-09', NULL),
(78, '2026-09-10', NULL),
(78, '2026-09-11', NULL),
(78, '2026-09-12', NULL),
(78, '2026-09-13', NULL),
(78, '2026-09-14', NULL),
(78, '2026-09-15', NULL),
(79, '2026-06-01', NULL),
(79, '2026-06-02', NULL),
(79, '2026-06-03', NULL),
(79, '2026-06-04', NULL),
(79, '2026-06-05', NULL),
(79, '2026-06-06', NULL),
(79, '2026-06-07', NULL),
(79, '2026-06-08', NULL),
(79, '2026-06-09', NULL),
(79, '2026-06-10', NULL),
(79, '2026-06-11', NULL),
(79, '2026-06-12', NULL),
(79, '2026-06-13', NULL),
(79, '2026-06-14', NULL);
INSERT INTO `giornodisponibilita` (`idOmbrellone`, `data`, `numProgrContratto`) VALUES
(79, '2026-06-15', NULL),
(79, '2026-06-16', NULL),
(79, '2026-06-17', NULL),
(79, '2026-06-18', NULL),
(79, '2026-06-19', NULL),
(79, '2026-06-20', NULL),
(79, '2026-06-21', NULL),
(79, '2026-06-22', NULL),
(79, '2026-06-23', NULL),
(79, '2026-06-24', NULL),
(79, '2026-06-25', NULL),
(79, '2026-06-26', NULL),
(79, '2026-06-27', NULL),
(79, '2026-06-28', NULL),
(79, '2026-06-29', NULL),
(79, '2026-06-30', NULL),
(79, '2026-07-01', NULL),
(79, '2026-07-02', NULL),
(79, '2026-07-03', NULL),
(79, '2026-07-04', NULL),
(79, '2026-07-05', NULL),
(79, '2026-07-06', NULL),
(79, '2026-07-07', NULL),
(79, '2026-07-08', NULL),
(79, '2026-07-09', NULL),
(79, '2026-07-10', NULL),
(79, '2026-07-11', NULL),
(79, '2026-07-12', NULL),
(79, '2026-07-13', NULL),
(79, '2026-07-14', NULL),
(79, '2026-07-15', NULL),
(79, '2026-07-16', NULL),
(79, '2026-07-17', NULL),
(79, '2026-07-18', NULL),
(79, '2026-07-19', NULL),
(79, '2026-07-20', NULL),
(79, '2026-07-21', NULL),
(79, '2026-07-22', NULL),
(79, '2026-07-23', NULL),
(79, '2026-07-24', NULL),
(79, '2026-07-25', NULL),
(79, '2026-07-26', NULL),
(79, '2026-07-27', NULL),
(79, '2026-07-28', NULL),
(79, '2026-07-29', NULL),
(79, '2026-07-30', NULL),
(79, '2026-07-31', NULL),
(79, '2026-08-01', NULL),
(79, '2026-08-02', NULL),
(79, '2026-08-03', NULL),
(79, '2026-08-04', NULL),
(79, '2026-08-05', NULL),
(79, '2026-08-06', NULL),
(79, '2026-08-07', NULL),
(79, '2026-08-08', NULL),
(79, '2026-08-09', NULL),
(79, '2026-08-10', NULL),
(79, '2026-08-11', NULL),
(79, '2026-08-12', NULL),
(79, '2026-08-13', NULL),
(79, '2026-08-14', NULL),
(79, '2026-08-15', NULL),
(79, '2026-08-16', NULL),
(79, '2026-08-17', NULL),
(79, '2026-08-18', NULL),
(79, '2026-08-19', NULL),
(79, '2026-08-20', NULL),
(79, '2026-08-21', NULL),
(79, '2026-08-22', NULL),
(79, '2026-08-23', NULL),
(79, '2026-08-24', NULL),
(79, '2026-08-25', NULL),
(79, '2026-08-26', NULL),
(79, '2026-08-27', NULL),
(79, '2026-08-28', NULL),
(79, '2026-08-29', NULL),
(79, '2026-08-30', NULL),
(79, '2026-08-31', NULL),
(79, '2026-09-01', NULL),
(79, '2026-09-02', NULL),
(79, '2026-09-03', NULL),
(79, '2026-09-04', NULL),
(79, '2026-09-05', NULL),
(79, '2026-09-06', NULL),
(79, '2026-09-07', NULL),
(79, '2026-09-08', NULL),
(79, '2026-09-09', NULL),
(79, '2026-09-10', NULL),
(79, '2026-09-11', NULL),
(79, '2026-09-12', NULL),
(79, '2026-09-13', NULL),
(79, '2026-09-14', NULL),
(79, '2026-09-15', NULL),
(80, '2026-06-01', NULL),
(80, '2026-06-02', NULL),
(80, '2026-06-03', NULL),
(80, '2026-06-04', NULL),
(80, '2026-06-05', NULL),
(80, '2026-06-06', NULL),
(80, '2026-06-07', NULL),
(80, '2026-06-08', NULL),
(80, '2026-06-09', NULL),
(80, '2026-06-10', NULL),
(80, '2026-06-11', NULL),
(80, '2026-06-12', NULL),
(80, '2026-06-13', NULL),
(80, '2026-06-14', NULL),
(80, '2026-06-15', NULL),
(80, '2026-06-16', NULL),
(80, '2026-06-17', NULL),
(80, '2026-06-18', NULL),
(80, '2026-06-19', NULL),
(80, '2026-06-20', NULL),
(80, '2026-06-21', NULL),
(80, '2026-06-22', NULL),
(80, '2026-06-23', NULL),
(80, '2026-06-24', NULL),
(80, '2026-06-25', NULL),
(80, '2026-06-26', NULL),
(80, '2026-06-27', NULL),
(80, '2026-06-28', NULL),
(80, '2026-06-29', NULL),
(80, '2026-06-30', NULL),
(80, '2026-07-01', NULL),
(80, '2026-07-02', NULL),
(80, '2026-07-03', NULL),
(80, '2026-07-04', NULL),
(80, '2026-07-05', NULL),
(80, '2026-07-06', NULL),
(80, '2026-07-07', NULL),
(80, '2026-07-08', NULL),
(80, '2026-07-09', NULL),
(80, '2026-07-10', NULL),
(80, '2026-07-11', NULL),
(80, '2026-07-12', NULL),
(80, '2026-07-13', NULL),
(80, '2026-07-14', NULL),
(80, '2026-07-15', NULL),
(80, '2026-07-16', NULL),
(80, '2026-07-17', NULL),
(80, '2026-07-18', NULL),
(80, '2026-07-19', NULL),
(80, '2026-07-20', NULL),
(80, '2026-07-21', NULL),
(80, '2026-07-22', NULL),
(80, '2026-07-23', NULL),
(80, '2026-07-24', NULL),
(80, '2026-07-25', NULL),
(80, '2026-07-26', NULL),
(80, '2026-07-27', NULL),
(80, '2026-07-28', NULL),
(80, '2026-07-29', NULL),
(80, '2026-07-30', NULL),
(80, '2026-07-31', NULL),
(80, '2026-08-01', NULL),
(80, '2026-08-02', NULL),
(80, '2026-08-03', NULL),
(80, '2026-08-04', NULL),
(80, '2026-08-05', NULL),
(80, '2026-08-06', NULL),
(80, '2026-08-07', NULL),
(80, '2026-08-08', NULL),
(80, '2026-08-09', NULL),
(80, '2026-08-10', NULL),
(80, '2026-08-11', NULL),
(80, '2026-08-12', NULL),
(80, '2026-08-13', NULL),
(80, '2026-08-14', NULL),
(80, '2026-08-15', NULL),
(80, '2026-08-16', NULL),
(80, '2026-08-17', NULL),
(80, '2026-08-18', NULL),
(80, '2026-08-19', NULL),
(80, '2026-08-20', NULL),
(80, '2026-08-21', NULL),
(80, '2026-08-22', NULL),
(80, '2026-08-23', NULL),
(80, '2026-08-24', NULL),
(80, '2026-08-25', NULL),
(80, '2026-08-26', NULL),
(80, '2026-08-27', NULL),
(80, '2026-08-28', NULL),
(80, '2026-08-29', NULL),
(80, '2026-08-30', NULL),
(80, '2026-08-31', NULL),
(80, '2026-09-01', NULL),
(80, '2026-09-02', NULL),
(80, '2026-09-03', NULL),
(80, '2026-09-04', NULL),
(80, '2026-09-05', NULL),
(80, '2026-09-06', NULL),
(80, '2026-09-07', NULL),
(80, '2026-09-08', NULL),
(80, '2026-09-09', NULL),
(80, '2026-09-10', NULL),
(80, '2026-09-11', NULL),
(80, '2026-09-12', NULL),
(80, '2026-09-13', NULL),
(80, '2026-09-14', NULL),
(80, '2026-09-15', NULL),
(12, '2026-09-11', 31),
(13, '2026-09-11', 32),
(1, '2026-09-11', 33),
(11, '2026-09-11', 34);

-- --------------------------------------------------------

--
-- Struttura della tabella `ombrellone`
--

CREATE TABLE `ombrellone` (
  `id` int(11) NOT NULL,
  `settore` varchar(20) NOT NULL,
  `numFila` int(11) NOT NULL,
  `numPostoFila` int(11) NOT NULL,
  `codTipologia` varchar(10) NOT NULL
) ENGINE=InnoDB DEFAULT CHARSET=utf8mb4 COLLATE=utf8mb4_unicode_ci;

--
-- Dump dei dati per la tabella `ombrellone`
--

INSERT INTO `ombrellone` (`id`, `settore`, `numFila`, `numPostoFila`, `codTipologia`) VALUES
(1, 'A', 1, 1, 'VIP'),
(2, 'A', 1, 2, 'VIP'),
(3, 'A', 1, 3, 'STD'),
(4, 'A', 1, 4, 'STD'),
(5, 'A', 1, 5, 'STD'),
(6, 'A', 1, 6, 'STD'),
(7, 'A', 1, 7, 'STD'),
(8, 'A', 1, 8, 'STD'),
(9, 'A', 1, 9, 'STD'),
(10, 'A', 1, 10, 'STD'),
(11, 'A', 2, 1, 'VIP'),
(12, 'A', 2, 2, 'VIP'),
(13, 'A', 2, 3, 'STD'),
(14, 'A', 2, 4, 'STD'),
(15, 'A', 2, 5, 'STD'),
(16, 'A', 2, 6, 'STD'),
(17, 'A', 2, 7, 'STD'),
(18, 'A', 2, 8, 'STD'),
(19, 'A', 2, 9, 'STD'),
(20, 'A', 2, 10, 'STD'),
(21, 'B', 1, 1, 'VIP'),
(22, 'B', 1, 2, 'VIP'),
(23, 'B', 1, 3, 'VIP'),
(24, 'B', 1, 4, 'VIP'),
(25, 'B', 1, 5, 'STD'),
(26, 'B', 1, 6, 'STD'),
(27, 'B', 1, 7, 'STD'),
(28, 'B', 1, 8, 'STD'),
(29, 'B', 1, 9, 'STD'),
(30, 'B', 1, 10, 'STD'),
(31, 'B', 2, 1, 'VIP'),
(32, 'B', 2, 2, 'VIP'),
(33, 'B', 2, 3, 'VIP'),
(34, 'B', 2, 4, 'VIP'),
(35, 'B', 2, 5, 'STD'),
(36, 'B', 2, 6, 'STD'),
(37, 'B', 2, 7, 'STD'),
(38, 'B', 2, 8, 'STD'),
(39, 'B', 2, 9, 'STD'),
(40, 'B', 2, 10, 'STD'),
(41, 'C', 1, 1, 'VIP'),
(42, 'C', 1, 2, 'VIP'),
(43, 'C', 1, 3, 'VIP'),
(44, 'C', 1, 4, 'VIP'),
(45, 'C', 1, 5, 'STD'),
(46, 'C', 1, 6, 'STD'),
(47, 'C', 1, 7, 'STD'),
(48, 'C', 1, 8, 'STD'),
(49, 'C', 1, 9, 'STD'),
(50, 'C', 1, 10, 'STD'),
(51, 'C', 2, 1, 'VIP'),
(52, 'C', 2, 2, 'VIP'),
(53, 'C', 2, 3, 'VIP'),
(54, 'C', 2, 4, 'VIP'),
(55, 'C', 2, 5, 'STD'),
(56, 'C', 2, 6, 'STD'),
(57, 'C', 2, 7, 'STD'),
(58, 'C', 2, 8, 'STD'),
(59, 'C', 2, 9, 'STD'),
(60, 'C', 2, 10, 'STD'),
(61, 'D', 1, 1, 'VIP'),
(62, 'D', 1, 2, 'VIP'),
(63, 'D', 1, 3, 'STD'),
(64, 'D', 1, 4, 'STD'),
(65, 'D', 1, 5, 'STD'),
(66, 'D', 1, 6, 'STD'),
(67, 'D', 1, 7, 'STD'),
(68, 'D', 1, 8, 'STD'),
(69, 'D', 1, 9, 'STD'),
(70, 'D', 1, 10, 'STD'),
(71, 'D', 2, 1, 'VIP'),
(72, 'D', 2, 2, 'VIP'),
(73, 'D', 2, 3, 'STD'),
(74, 'D', 2, 4, 'STD'),
(75, 'D', 2, 5, 'STD'),
(76, 'D', 2, 6, 'STD'),
(77, 'D', 2, 7, 'STD'),
(78, 'D', 2, 8, 'STD'),
(79, 'D', 2, 9, 'STD'),
(80, 'D', 2, 10, 'STD');

-- --------------------------------------------------------

--
-- Struttura della tabella `tariffa`
--

CREATE TABLE `tariffa` (
  `codice` varchar(10) NOT NULL,
  `prezzo` decimal(10,2) NOT NULL,
  `dataInizio` date NOT NULL,
  `dataFine` date NOT NULL,
  `tipo` varchar(15) NOT NULL,
  `numMinGiorni` int(11) DEFAULT NULL
) ENGINE=InnoDB DEFAULT CHARSET=utf8mb4 COLLATE=utf8mb4_unicode_ci;

--
-- Dump dei dati per la tabella `tariffa`
--

INSERT INTO `tariffa` (`codice`, `prezzo`, `dataInizio`, `dataFine`, `tipo`, `numMinGiorni`) VALUES
('STD_D', 30.00, '2020-01-01', '2029-12-31', 'GIORNALIERO', 1),
('STD_W', 180.00, '2020-01-01', '2029-12-31', 'SETTIMANALE', 7),
('VIP_D', 50.00, '2020-01-01', '2029-12-31', 'GIORNALIERO', 1),
('VIP_W', 300.00, '2020-01-01', '2029-12-31', 'SETTIMANALE', 7);

-- --------------------------------------------------------

--
-- Struttura della tabella `tipologia`
--

CREATE TABLE `tipologia` (
  `codice` varchar(10) NOT NULL,
  `nome` varchar(50) NOT NULL,
  `descrizione` text DEFAULT NULL
) ENGINE=InnoDB DEFAULT CHARSET=utf8mb4 COLLATE=utf8mb4_unicode_ci;

--
-- Dump dei dati per la tabella `tipologia`
--

INSERT INTO `tipologia` (`codice`, `nome`, `descrizione`) VALUES
('STD', 'Standard', 'Ombrellone classico con due lettini.'),
('VIP', 'VIP', 'Ombrellone in prima fila con cassaforte, due lettini e una sedia regista.');

-- --------------------------------------------------------

--
-- Struttura della tabella `tipologiatariffa`
--

CREATE TABLE `tipologiatariffa` (
  `codTipologia` varchar(10) NOT NULL,
  `codTariffa` varchar(10) NOT NULL
) ENGINE=InnoDB DEFAULT CHARSET=utf8mb4 COLLATE=utf8mb4_unicode_ci;

--
-- Dump dei dati per la tabella `tipologiatariffa`
--

INSERT INTO `tipologiatariffa` (`codTipologia`, `codTariffa`) VALUES
('STD', 'STD_D'),
('STD', 'STD_W'),
('VIP', 'VIP_D'),
('VIP', 'VIP_W');

--
-- Indici per le tabelle scaricate
--

--
-- Indici per le tabelle `cliente`
--
ALTER TABLE `cliente`
  ADD PRIMARY KEY (`codice`);

--
-- Indici per le tabelle `contratto`
--
ALTER TABLE `contratto`
  ADD PRIMARY KEY (`numProgr`),
  ADD KEY `codiceCliente` (`codiceCliente`);

--
-- Indici per le tabelle `giornodisponibilita`
--
ALTER TABLE `giornodisponibilita`
  ADD PRIMARY KEY (`idOmbrellone`,`data`),
  ADD KEY `numProgrContratto` (`numProgrContratto`);

--
-- Indici per le tabelle `ombrellone`
--
ALTER TABLE `ombrellone`
  ADD PRIMARY KEY (`id`),
  ADD KEY `codTipologia` (`codTipologia`);

--
-- Indici per le tabelle `tariffa`
--
ALTER TABLE `tariffa`
  ADD PRIMARY KEY (`codice`);

--
-- Indici per le tabelle `tipologia`
--
ALTER TABLE `tipologia`
  ADD PRIMARY KEY (`codice`);

--
-- Indici per le tabelle `tipologiatariffa`
--
ALTER TABLE `tipologiatariffa`
  ADD PRIMARY KEY (`codTipologia`,`codTariffa`),
  ADD KEY `codTariffa` (`codTariffa`);

--
-- AUTO_INCREMENT per le tabelle scaricate
--

--
-- AUTO_INCREMENT per la tabella `contratto`
--
ALTER TABLE `contratto`
  MODIFY `numProgr` int(11) NOT NULL AUTO_INCREMENT, AUTO_INCREMENT=35;

--
-- AUTO_INCREMENT per la tabella `ombrellone`
--
ALTER TABLE `ombrellone`
  MODIFY `id` int(11) NOT NULL AUTO_INCREMENT, AUTO_INCREMENT=91;

--
-- Limiti per le tabelle scaricate
--

--
-- Limiti per la tabella `contratto`
--
ALTER TABLE `contratto`
  ADD CONSTRAINT `fk_contratto_cliente` FOREIGN KEY (`codiceCliente`) REFERENCES `cliente` (`codice`);

--
-- Limiti per la tabella `giornodisponibilita`
--
ALTER TABLE `giornodisponibilita`
  ADD CONSTRAINT `fk_giornodisp_contratto` FOREIGN KEY (`numProgrContratto`) REFERENCES `contratto` (`numProgr`),
  ADD CONSTRAINT `fk_giornodisp_ombrellone` FOREIGN KEY (`idOmbrellone`) REFERENCES `ombrellone` (`id`);

--
-- Limiti per la tabella `ombrellone`
--
ALTER TABLE `ombrellone`
  ADD CONSTRAINT `fk_ombrellone_tipologia` FOREIGN KEY (`codTipologia`) REFERENCES `tipologia` (`codice`);

--
-- Limiti per la tabella `tipologiatariffa`
--
ALTER TABLE `tipologiatariffa`
  ADD CONSTRAINT `fk_tiptariffa_tariffa` FOREIGN KEY (`codTariffa`) REFERENCES `tariffa` (`codice`),
  ADD CONSTRAINT `fk_tiptariffa_tipologia` FOREIGN KEY (`codTipologia`) REFERENCES `tipologia` (`codice`);
COMMIT;

/*!40101 SET CHARACTER_SET_CLIENT=@OLD_CHARACTER_SET_CLIENT */;
/*!40101 SET CHARACTER_SET_RESULTS=@OLD_CHARACTER_SET_RESULTS */;
/*!40101 SET COLLATION_CONNECTION=@OLD_COLLATION_CONNECTION */;
